-- MariaDB dump 10.19  Distrib 10.6.11-MariaDB, for debian-linux-gnu (x86_64)
--
-- Host: localhost    Database: tad
-- ------------------------------------------------------
-- Server version       10.6.11-MariaDB-0ubuntu0.22.04.1

/*!40101 SET @OLD_CHARACTER_SET_CLIENT=@@CHARACTER_SET_CLIENT */;
/*!40101 SET @OLD_CHARACTER_SET_RESULTS=@@CHARACTER_SET_RESULTS */;
/*!40101 SET @OLD_COLLATION_CONNECTION=@@COLLATION_CONNECTION */;
/*!40101 SET NAMES utf8mb4 */;
/*!40103 SET @OLD_TIME_ZONE=@@TIME_ZONE */;
/*!40103 SET TIME_ZONE='+00:00' */;
/*!40014 SET @OLD_UNIQUE_CHECKS=@@UNIQUE_CHECKS, UNIQUE_CHECKS=0 */;
/*!40014 SET @OLD_FOREIGN_KEY_CHECKS=@@FOREIGN_KEY_CHECKS, FOREIGN_KEY_CHECKS=0 */;
/*!40101 SET @OLD_SQL_MODE=@@SQL_MODE, SQL_MODE='NO_AUTO_VALUE_ON_ZERO' */;
/*!40111 SET @OLD_SQL_NOTES=@@SQL_NOTES, SQL_NOTES=0 */;

--
-- Table structure for table `deed_logs`
--

DROP TABLE IF EXISTS `deed_logs`;
/*!40101 SET @saved_cs_client     = @@character_set_client */;
/*!40101 SET character_set_client = utf8 */;
CREATE TABLE `deed_logs` (
                             `id` bigint(20) unsigned NOT NULL AUTO_INCREMENT,
                             `created_at` timestamp NULL DEFAULT NULL,
                             `updated_at` timestamp NULL DEFAULT NULL,
                             `user_id` bigint(20) unsigned NOT NULL,
                             `deed_id` bigint(20) unsigned NOT NULL,
                             `day` date NOT NULL,
                             `value` decimal(10,2) NOT NULL,
                             PRIMARY KEY (`id`),
                             KEY `deed_logs_user_id_foreign` (`user_id`),
                             KEY `deed_logs_deed_id_foreign` (`deed_id`),
                             CONSTRAINT `deed_logs_deed_id_foreign` FOREIGN KEY (`deed_id`) REFERENCES `deeds` (`id`) ON DELETE CASCADE,
                             CONSTRAINT `deed_logs_user_id_foreign` FOREIGN KEY (`user_id`) REFERENCES `users` (`id`) ON DELETE CASCADE
) ENGINE=InnoDB AUTO_INCREMENT=1208 DEFAULT CHARSET=utf8mb4 COLLATE=utf8mb4_unicode_ci;
/*!40101 SET character_set_client = @saved_cs_client */;

--
-- Dumping data for table `deed_logs`
--

LOCK TABLES `deed_logs` WRITE;
/*!40000 ALTER TABLE `deed_logs` DISABLE KEYS */;
INSERT INTO `deed_logs` VALUES (1,'2022-04-04 16:06:50','2022-04-04 16:06:50',1,3,'2021-11-18',2.00),(2,'2022-04-04 16:06:50','2022-04-04 16:06:50',1,1,'2021-11-18',1.00),(3,'2022-04-04 16:06:53','2022-04-04 16:06:53',1,3,'2021-11-19',2.00),(4,'2022-04-04 16:06:53','2022-04-04 16:06:53',1,1,'2021-11-19',1.00),(19,'2022-04-04 17:03:29','2022-04-04 17:03:29',1,1,'2021-11-20',1.00),(20,'2022-04-04 17:03:30','2022-04-04 17:03:30',1,3,'2021-11-20',2.00),(21,'2022-04-04 17:03:35','2022-04-04 17:03:35',1,1,'2021-11-21',1.00),(22,'2022-04-04 17:03:36','2022-04-04 17:03:36',1,3,'2021-11-21',2.00),(23,'2022-04-04 17:03:48','2022-04-04 17:03:48',1,1,'2021-11-22',1.00),(24,'2022-04-04 17:03:51','2022-04-04 17:03:51',1,3,'2021-11-22',2.00),(25,'2022-04-04 17:03:58','2022-04-04 17:03:58',1,1,'2021-11-23',1.00),(26,'2022-04-04 17:03:59','2022-04-04 17:03:59',1,3,'2021-11-23',2.00),(27,'2022-04-04 17:04:01','2022-04-04 17:04:01',1,1,'2021-11-24',1.00),(28,'2022-04-04 17:04:02','2022-04-04 17:04:02',1,3,'2021-11-24',2.00),(29,'2022-04-04 17:04:06','2022-04-04 17:04:06',1,1,'2021-11-25',1.00),(31,'2022-04-04 17:04:07','2022-04-04 17:04:07',1,3,'2021-11-25',2.00),(32,'2022-04-04 17:04:11','2022-04-04 17:04:11',1,1,'2021-11-26',1.00),(34,'2022-04-04 17:04:13','2022-04-04 17:04:13',1,3,'2021-11-26',2.00),(35,'2022-04-04 17:04:16','2022-04-04 17:04:16',1,3,'2021-11-27',2.00),(36,'2022-04-04 17:04:20','2022-04-04 17:04:20',1,1,'2021-11-28',1.00),(37,'2022-04-04 17:04:21','2022-04-04 17:04:21',1,3,'2021-11-28',2.00),(38,'2022-04-04 17:04:33','2022-04-04 17:04:33',1,1,'2021-11-29',1.00),(39,'2022-04-04 17:04:33','2022-04-04 17:04:33',1,3,'2021-11-29',2.00),(40,'2022-04-04 17:04:38','2022-04-04 17:04:38',1,1,'2021-11-30',1.00),(41,'2022-04-04 17:04:39','2022-04-04 17:04:39',1,3,'2021-11-30',2.00),(42,'2022-04-04 17:04:47','2022-04-04 17:04:47',1,1,'2021-12-01',1.00),(43,'2022-04-04 17:04:47','2022-04-04 17:04:47',1,3,'2021-12-01',2.00),(44,'2022-04-04 17:04:52','2022-04-04 17:04:52',1,1,'2021-12-02',1.00),(45,'2022-04-04 17:04:52','2022-04-04 17:04:52',1,3,'2021-12-02',2.00),(46,'2022-04-04 17:04:55','2022-04-04 17:04:55',1,1,'2021-12-03',1.00),(47,'2022-04-04 17:04:56','2022-04-04 17:04:56',1,3,'2021-12-03',2.00),(48,'2022-04-04 17:05:01','2022-04-04 17:05:01',1,1,'2021-12-05',1.00),(49,'2022-04-04 17:05:02','2022-04-04 17:05:02',1,3,'2021-12-05',2.00),(50,'2022-04-04 17:05:08','2022-04-04 17:05:08',1,1,'2021-12-06',1.00),(52,'2022-04-04 17:05:10','2022-04-04 17:05:10',1,3,'2021-12-06',2.00),(53,'2022-04-04 17:05:13','2022-04-04 17:05:13',1,1,'2021-12-07',1.00),(54,'2022-04-04 17:05:13','2022-04-04 17:05:13',1,3,'2021-12-07',2.00),(55,'2022-04-04 17:05:17','2022-04-04 17:05:17',1,1,'2021-12-08',1.00),(57,'2022-04-04 17:05:18','2022-04-04 17:05:18',1,3,'2021-12-08',2.00),(58,'2022-04-04 17:05:22','2022-04-04 17:05:22',1,1,'2021-12-09',1.00),(59,'2022-04-04 17:05:23','2022-04-04 17:05:23',1,3,'2021-12-09',2.00),(60,'2022-04-04 17:05:30','2022-04-04 17:05:30',1,1,'2021-12-10',1.00),(61,'2022-04-04 17:05:30','2022-04-04 17:05:30',1,3,'2021-12-10',2.00),(62,'2022-04-04 17:05:38','2022-04-04 17:05:38',1,1,'2021-12-12',1.00),(63,'2022-04-04 17:05:39','2022-04-04 17:05:39',1,3,'2021-12-12',2.00),(64,'2022-04-04 17:05:43','2022-04-04 17:05:43',1,1,'2021-12-13',1.00),(66,'2022-04-04 17:05:44','2022-04-04 17:05:44',1,3,'2021-12-13',2.00),(67,'2022-04-04 17:05:48','2022-04-04 17:05:48',1,1,'2021-12-14',1.00),(69,'2022-04-04 17:05:49','2022-04-04 17:05:49',1,3,'2021-12-14',2.00),(70,'2022-04-04 17:05:53','2022-04-04 17:05:53',1,1,'2021-12-15',1.00),(72,'2022-04-04 17:05:54','2022-04-04 17:05:54',1,3,'2021-12-15',2.00),(73,'2022-04-04 17:05:58','2022-04-04 17:05:58',1,1,'2021-12-16',1.00),(74,'2022-04-04 17:05:59','2022-04-04 17:05:59',1,3,'2021-12-16',2.00),(75,'2022-04-04 17:06:06','2022-04-04 17:06:06',1,1,'2021-12-17',1.00),(76,'2022-04-04 17:06:07','2022-04-04 17:06:07',1,3,'2021-12-17',2.00),(77,'2022-04-04 17:06:09','2022-04-04 17:06:09',1,1,'2021-12-18',1.00),(79,'2022-04-04 17:06:11','2022-04-04 17:06:11',1,3,'2021-12-18',2.00),(80,'2022-04-04 17:06:14','2022-04-04 17:06:14',1,1,'2021-12-19',1.00),(81,'2022-04-04 17:06:14','2022-04-04 17:06:14',1,3,'2021-12-19',2.00),(82,'2022-04-04 17:06:17','2022-04-04 17:06:17',1,1,'2021-12-20',1.00),(84,'2022-04-04 17:06:18','2022-04-04 17:06:18',1,3,'2021-12-20',2.00),(85,'2022-04-04 17:06:21','2022-04-04 17:06:21',1,1,'2021-12-21',1.00),(87,'2022-04-04 17:06:22','2022-04-04 17:06:22',1,3,'2021-12-21',2.00),(88,'2022-04-04 17:06:25','2022-04-04 17:06:25',1,1,'2021-12-22',1.00),(89,'2022-04-04 17:06:26','2022-04-04 17:06:26',1,3,'2021-12-22',2.00),(90,'2022-04-04 17:06:29','2022-04-04 17:06:29',1,1,'2021-12-23',1.00),(92,'2022-04-04 17:06:30','2022-04-04 17:06:30',1,3,'2021-12-23',2.00),(93,'2022-04-04 17:06:36','2022-04-04 17:06:36',1,1,'2021-12-27',1.00),(95,'2022-04-04 17:06:38','2022-04-04 17:06:38',1,3,'2021-12-27',2.00),(96,'2022-04-04 17:06:46','2022-04-04 17:06:46',1,1,'2021-12-28',1.00),(98,'2022-04-04 17:06:47','2022-04-04 17:06:47',1,3,'2021-12-28',2.00),(99,'2022-04-04 17:06:50','2022-04-04 17:06:50',1,1,'2021-12-29',1.00),(101,'2022-04-04 17:06:51','2022-04-04 17:06:51',1,3,'2021-12-29',2.00),(102,'2022-04-04 17:06:55','2022-04-04 17:06:55',1,1,'2021-12-30',1.00),(104,'2022-04-04 17:06:56','2022-04-04 17:06:56',1,3,'2021-12-30',2.00),(105,'2022-04-04 17:07:02','2022-04-04 17:07:02',1,1,'2021-12-31',1.00),(107,'2022-04-04 17:07:10','2022-04-04 17:07:10',1,1,'2022-01-01',1.00),(108,'2022-04-04 17:07:11','2022-04-04 17:07:11',1,3,'2022-01-01',2.00),(109,'2022-04-04 17:07:14','2022-04-04 17:07:14',1,1,'2022-01-02',1.00),(111,'2022-04-04 17:07:15','2022-04-04 17:07:15',1,3,'2022-01-02',2.00),(112,'2022-04-04 17:07:19','2022-04-04 17:07:19',1,1,'2022-01-03',1.00),(113,'2022-04-04 17:07:19','2022-04-04 17:07:19',1,3,'2022-01-03',2.00),(114,'2022-04-04 17:07:22','2022-04-04 17:07:22',1,1,'2022-01-04',1.00),(115,'2022-04-04 17:07:22','2022-04-04 17:07:22',1,3,'2022-01-04',2.00),(116,'2022-04-04 17:07:25','2022-04-04 17:07:25',1,1,'2022-01-05',1.00),(117,'2022-04-04 17:07:25','2022-04-04 17:07:25',1,3,'2022-01-05',2.00),(118,'2022-04-04 17:07:28','2022-04-04 17:07:28',1,1,'2022-01-06',1.00),(119,'2022-04-04 17:07:29','2022-04-04 17:07:29',1,3,'2022-01-06',2.00),(120,'2022-04-04 17:07:32','2022-04-04 17:07:32',1,1,'2022-01-07',1.00),(121,'2022-04-04 17:07:32','2022-04-04 17:07:32',1,3,'2022-01-07',2.00),(122,'2022-04-04 17:07:39','2022-04-04 17:07:39',1,1,'2022-01-10',1.00),(123,'2022-04-04 17:07:39','2022-04-04 17:07:39',1,3,'2022-01-10',2.00),(124,'2022-04-04 17:07:44','2022-04-04 17:07:44',1,1,'2022-01-11',1.00),(125,'2022-04-04 17:07:45','2022-04-04 17:07:45',1,3,'2022-01-11',2.00),(126,'2022-04-04 17:07:51','2022-04-04 17:07:51',1,1,'2022-01-12',1.00),(127,'2022-04-04 17:07:51','2022-04-04 17:07:51',1,3,'2022-01-12',2.00),(128,'2022-04-04 17:07:55','2022-04-04 17:07:55',1,1,'2022-01-13',1.00),(129,'2022-04-04 17:07:56','2022-04-04 17:07:56',1,3,'2022-01-13',2.00),(130,'2022-04-04 17:07:59','2022-04-04 17:07:59',1,1,'2022-01-14',1.00),(132,'2022-04-04 17:08:00','2022-04-04 17:08:00',1,3,'2022-01-14',2.00),(133,'2022-04-04 17:08:04','2022-04-04 17:08:04',1,1,'2022-01-15',1.00),(135,'2022-04-04 17:08:05','2022-04-04 17:08:05',1,3,'2022-01-15',2.00),(136,'2022-04-04 17:08:08','2022-04-04 17:08:08',1,1,'2022-01-16',1.00),(138,'2022-04-04 17:08:09','2022-04-04 17:08:09',1,3,'2022-01-16',2.00),(139,'2022-04-04 17:08:12','2022-04-04 17:08:12',1,1,'2022-01-17',1.00),(140,'2022-04-04 17:08:12','2022-04-04 17:08:12',1,3,'2022-01-17',2.00),(141,'2022-04-04 17:08:15','2022-04-04 17:08:15',1,1,'2022-01-18',1.00),(142,'2022-04-04 17:08:16','2022-04-04 17:08:16',1,3,'2022-01-18',2.00),(143,'2022-04-04 17:08:20','2022-04-04 17:08:20',1,1,'2022-01-19',1.00),(144,'2022-04-04 17:08:21','2022-04-04 17:08:21',1,3,'2022-01-19',2.00),(145,'2022-04-04 17:08:23','2022-04-04 17:08:23',1,1,'2022-01-20',1.00),(146,'2022-04-04 17:08:24','2022-04-04 17:08:24',1,3,'2022-01-20',2.00),(147,'2022-04-04 17:08:26','2022-04-04 17:08:26',1,1,'2022-01-21',1.00),(149,'2022-04-04 17:08:28','2022-04-04 17:08:28',1,3,'2022-01-21',2.00),(150,'2022-04-04 17:08:30','2022-04-04 17:08:30',1,1,'2022-01-22',1.00),(151,'2022-04-04 17:08:31','2022-04-04 17:08:31',1,3,'2022-01-22',2.00),(152,'2022-04-04 17:08:33','2022-04-04 17:08:33',1,1,'2022-01-23',1.00),(153,'2022-04-04 17:08:34','2022-04-04 17:08:34',1,3,'2022-01-23',2.00),(154,'2022-04-04 17:08:36','2022-04-04 17:08:36',1,1,'2022-01-24',1.00),(155,'2022-04-04 17:08:36','2022-04-04 17:08:36',1,3,'2022-01-24',2.00),(156,'2022-04-04 17:08:38','2022-04-04 17:08:38',1,1,'2022-01-25',1.00),(158,'2022-04-04 17:08:40','2022-04-04 17:08:40',1,3,'2022-01-25',2.00),(159,'2022-04-04 17:08:42','2022-04-04 17:08:42',1,1,'2022-01-26',1.00),(160,'2022-04-04 17:08:43','2022-04-04 17:08:43',1,3,'2022-01-26',2.00),(161,'2022-04-04 17:08:45','2022-04-04 17:08:45',1,1,'2022-01-27',1.00),(162,'2022-04-04 17:08:46','2022-04-04 17:08:46',1,3,'2022-01-27',2.00),(163,'2022-04-04 17:08:49','2022-04-04 17:08:49',1,1,'2022-01-28',1.00),(164,'2022-04-04 17:08:50','2022-04-04 17:08:50',1,3,'2022-01-28',2.00),(165,'2022-04-04 17:08:50','2022-04-04 17:08:50',1,1,'2022-01-29',1.00),(166,'2022-04-04 17:08:51','2022-04-04 17:08:51',1,3,'2022-01-29',2.00),(167,'2022-04-04 17:08:53','2022-04-04 17:08:53',1,3,'2022-01-30',2.00),(168,'2022-04-04 17:08:56','2022-04-04 17:08:56',1,1,'2022-01-31',1.00),(169,'2022-04-04 17:08:58','2022-04-04 17:08:58',1,3,'2022-01-31',2.00),(170,'2022-04-04 17:09:13','2022-04-04 17:09:13',1,1,'2022-02-01',1.00),(171,'2022-04-04 17:09:13','2022-04-04 17:09:13',1,3,'2022-02-01',2.00),(172,'2022-04-04 17:09:16','2022-04-04 17:09:16',1,1,'2022-02-02',1.00),(174,'2022-04-04 17:09:18','2022-04-04 17:09:18',1,3,'2022-02-02',2.00),(175,'2022-04-04 17:09:23','2022-04-04 17:09:23',1,3,'2022-02-03',2.00),(176,'2022-04-04 17:09:24','2022-04-04 17:09:24',1,1,'2022-02-03',1.00),(177,'2022-04-04 17:09:27','2022-04-04 17:09:27',1,1,'2022-02-04',1.00),(179,'2022-04-04 17:09:28','2022-04-04 17:09:28',1,3,'2022-02-04',2.00),(180,'2022-04-04 17:09:32','2022-04-04 17:09:32',1,3,'2022-02-05',2.00),(181,'2022-04-04 17:09:35','2022-04-04 17:09:35',1,1,'2022-02-06',1.00),(182,'2022-04-04 17:09:36','2022-04-04 17:09:36',1,3,'2022-02-06',2.00),(183,'2022-04-04 17:09:38','2022-04-04 17:09:38',1,3,'2022-02-07',2.00),(184,'2022-04-04 17:09:39','2022-04-04 17:09:39',1,3,'2022-02-08',2.00),(185,'2022-04-04 17:09:44','2022-04-04 17:09:44',1,1,'2022-02-09',1.00),(187,'2022-04-04 17:09:46','2022-04-04 17:09:46',1,3,'2022-02-09',2.00),(188,'2022-04-04 17:09:53','2022-04-04 17:09:53',1,1,'2022-02-10',1.00),(189,'2022-04-04 17:09:54','2022-04-04 17:09:54',1,3,'2022-02-10',2.00),(190,'2022-04-04 17:09:56','2022-04-04 17:09:56',1,1,'2022-02-11',1.00),(191,'2022-04-04 17:09:57','2022-04-04 17:09:57',1,3,'2022-02-11',2.00),(192,'2022-04-04 17:10:00','2022-04-04 17:10:00',1,1,'2022-02-12',1.00),(194,'2022-04-04 17:10:02','2022-04-04 17:10:02',1,3,'2022-02-12',2.00),(195,'2022-04-04 17:10:05','2022-04-04 17:10:05',1,3,'2022-02-13',2.00),(196,'2022-04-04 17:10:09','2022-04-04 17:10:09',1,1,'2022-02-15',1.00),(197,'2022-04-04 17:10:10','2022-04-04 17:10:10',1,3,'2022-02-15',2.00),(198,'2022-04-04 17:10:12','2022-04-04 17:10:12',1,1,'2022-02-16',1.00),(199,'2022-04-04 17:10:13','2022-04-04 17:10:13',1,3,'2022-02-16',2.00),(200,'2022-04-04 17:10:15','2022-04-04 17:10:15',1,1,'2022-02-17',1.00),(201,'2022-04-04 17:10:18','2022-04-04 17:10:18',1,3,'2022-02-17',2.00),(202,'2022-04-04 17:10:19','2022-04-04 17:10:19',1,3,'2022-02-18',2.00),(203,'2022-04-04 17:10:23','2022-04-04 17:10:23',1,3,'2022-02-19',2.00),(204,'2022-04-04 17:10:33','2022-04-04 17:10:33',1,1,'2022-02-20',1.00),(205,'2022-04-04 17:10:34','2022-04-04 17:10:34',1,3,'2022-02-20',2.00),(206,'2022-04-04 17:10:37','2022-04-04 17:10:37',1,1,'2022-02-21',1.00),(208,'2022-04-04 17:10:38','2022-04-04 17:10:38',1,3,'2022-02-21',2.00),(209,'2022-04-04 17:10:42','2022-04-04 17:10:42',1,3,'2022-02-22',2.00),(210,'2022-04-04 17:10:54','2022-04-04 17:10:54',1,3,'2022-02-23',2.00),(211,'2022-04-04 17:10:54','2022-04-04 17:10:54',1,3,'2022-02-24',2.00),(212,'2022-04-04 17:10:58','2022-04-04 17:10:58',1,1,'2022-02-25',1.00),(214,'2022-04-04 17:10:59','2022-04-04 17:10:59',1,3,'2022-02-25',2.00),(216,'2022-04-04 17:11:06','2022-04-04 17:11:06',1,1,'2022-02-26',1.00),(217,'2022-04-04 17:11:37','2022-04-04 17:11:37',1,3,'2022-03-04',2.00),(218,'2022-04-04 17:11:40','2022-04-04 17:11:40',1,3,'2022-03-05',2.00),(219,'2022-04-04 17:11:44','2022-04-04 17:11:44',1,1,'2022-03-06',1.00),(220,'2022-04-04 17:11:44','2022-04-04 17:11:44',1,3,'2022-03-06',2.00),(221,'2022-04-04 17:11:50','2022-04-04 17:11:50',1,1,'2022-03-07',1.00),(222,'2022-04-04 17:11:51','2022-04-04 17:11:51',1,3,'2022-03-07',2.00),(223,'2022-04-04 17:11:53','2022-04-04 17:11:53',1,1,'2022-03-08',1.00),(224,'2022-04-04 17:11:54','2022-04-04 17:11:54',1,3,'2022-03-08',2.00),(225,'2022-04-04 17:12:03','2022-04-04 17:12:03',1,1,'2022-03-09',1.00),(226,'2022-04-04 17:12:04','2022-04-04 17:12:04',1,3,'2022-03-09',2.00),(227,'2022-04-04 17:12:08','2022-04-04 17:12:08',1,3,'2022-03-10',2.00),(228,'2022-04-04 17:12:09','2022-04-04 17:12:09',1,3,'2022-03-11',2.00),(229,'2022-04-04 17:12:10','2022-04-04 17:12:10',1,3,'2022-03-12',2.00),(231,'2022-04-04 17:12:14','2022-04-04 17:12:14',1,3,'2022-03-13',2.00),(232,'2022-04-04 17:12:19','2022-04-04 17:12:19',1,3,'2022-03-14',2.00),(233,'2022-04-04 17:12:23','2022-04-04 17:12:23',1,3,'2022-03-15',2.00),(234,'2022-04-04 17:12:24','2022-04-04 17:12:24',1,1,'2022-03-15',1.00),(235,'2022-04-04 17:12:31','2022-04-04 17:12:31',1,1,'2022-03-19',1.00),(236,'2022-04-04 17:12:31','2022-04-04 17:12:31',1,3,'2022-03-19',2.00),(237,'2022-04-04 17:12:34','2022-04-04 17:12:34',1,1,'2022-03-20',1.00),(239,'2022-04-04 17:12:35','2022-04-04 17:12:35',1,3,'2022-03-20',2.00),(241,'2022-04-04 17:12:42','2022-04-04 17:12:42',1,1,'2022-03-22',1.00),(242,'2022-04-04 17:12:44','2022-04-04 17:12:44',1,1,'2022-03-23',1.00),(243,'2022-04-04 17:12:49','2022-04-04 17:12:49',1,1,'2022-03-27',1.00),(244,'2022-04-04 17:12:52','2022-04-04 17:12:52',1,1,'2022-03-29',1.00),(245,'2022-04-04 17:13:02','2022-04-04 17:13:02',1,1,'2022-04-02',1.00),(246,'2022-04-04 17:13:03','2022-04-04 17:13:03',1,3,'2022-04-02',2.00),(247,'2022-04-04 17:13:09','2022-04-04 17:13:09',1,1,'2022-04-03',1.00),(248,'2022-04-04 17:13:09','2022-04-04 17:13:09',1,3,'2022-04-03',2.00),(252,'2022-04-04 18:12:33','2022-04-04 18:12:33',1,1,'2022-04-04',1.00),(253,'2022-04-04 18:12:35','2022-04-04 18:12:35',1,3,'2022-04-04',2.00),(257,'2022-04-05 10:49:26','2022-04-05 10:49:26',1,3,'2022-04-05',2.00),(265,'2022-04-05 19:08:31','2022-04-05 19:08:31',1,1,'2022-04-05',1.00),(266,'2022-04-06 13:23:16','2022-04-06 13:23:16',1,3,'2022-04-06',2.00),(272,'2022-04-06 14:55:22','2022-04-06 14:55:22',1,1,'2022-04-06',1.00),(284,'2022-04-07 16:35:36','2022-04-07 16:35:36',1,3,'2022-04-07',2.00),(286,'2022-04-07 19:34:05','2022-04-07 19:34:05',1,1,'2022-04-07',1.00),(293,'2022-04-08 12:46:34','2022-04-08 12:46:34',1,3,'2022-04-08',2.00),(294,'2022-04-08 14:09:23','2022-04-08 14:09:23',1,1,'2022-04-08',1.00),(295,'2022-04-09 13:38:45','2022-04-09 13:38:45',1,3,'2022-04-09',2.00),(298,'2022-04-09 19:42:48','2022-04-09 19:42:48',1,1,'2022-04-09',1.00),(300,'2022-04-10 10:17:42','2022-04-10 10:17:42',1,3,'2022-04-10',2.00),(301,'2022-04-10 15:45:25','2022-04-10 15:45:25',1,1,'2022-04-10',1.00),(305,'2022-04-11 16:51:59','2022-04-11 16:51:59',1,3,'2022-04-11',2.00),(307,'2022-04-11 17:11:58','2022-04-11 17:11:58',1,1,'2022-04-11',1.00),(317,'2022-04-12 06:07:49','2022-04-12 06:07:49',1,1,'2022-04-12',1.00),(318,'2022-04-12 06:11:03','2022-04-12 06:11:03',1,3,'2022-04-12',2.00),(327,'2022-04-13 18:28:04','2022-04-13 18:28:04',1,1,'2022-04-13',1.00),(328,'2022-04-13 18:28:05','2022-04-13 18:28:05',1,3,'2022-04-13',2.00),(329,'2022-04-16 13:47:18','2022-04-16 13:47:18',1,3,'2022-04-16',2.00),(330,'2022-04-16 20:40:55','2022-04-16 20:40:55',1,1,'2022-04-16',1.00),(331,'2022-04-17 12:53:03','2022-04-17 12:53:03',1,3,'2022-04-17',2.00),(332,'2022-04-18 18:07:56','2022-04-18 18:07:56',1,1,'2022-04-18',1.00),(333,'2022-04-19 17:55:12','2022-04-19 17:55:12',1,3,'2022-04-19',2.00),(334,'2022-04-19 18:19:36','2022-04-19 18:19:36',1,1,'2022-04-19',1.00),(335,'2022-04-20 17:53:02','2022-04-20 17:53:02',1,3,'2022-04-20',2.00),(336,'2022-04-20 18:31:18','2022-04-20 18:31:18',1,1,'2022-04-20',1.00),(337,'2022-04-21 14:53:31','2022-04-21 14:53:31',1,3,'2022-04-21',2.00),(338,'2022-04-21 15:14:24','2022-04-21 15:14:24',1,1,'2022-04-21',1.00),(340,'2022-04-22 18:47:16','2022-04-22 18:47:16',1,3,'2022-04-22',2.00),(341,'2022-04-22 18:53:44','2022-04-22 18:53:44',1,1,'2022-04-22',1.00),(343,'2022-04-23 12:35:22','2022-04-23 12:35:22',1,3,'2022-04-23',2.00),(344,'2022-04-23 16:04:44','2022-04-23 16:04:44',1,2,'2022-04-23',3.00),(345,'2022-04-23 16:05:12','2022-04-23 16:05:12',1,2,'2022-04-22',3.00),(346,'2022-04-23 16:05:15','2022-04-23 16:05:15',1,2,'2022-04-12',3.00),(347,'2022-04-23 16:05:28','2022-04-23 16:05:28',1,2,'2022-03-20',3.00),(348,'2022-04-23 16:05:30','2022-04-23 16:05:30',1,2,'2022-03-13',3.00),(349,'2022-04-23 16:05:43','2022-04-23 16:05:43',1,2,'2022-02-26',3.00),(350,'2022-04-23 16:05:45','2022-04-23 16:05:45',1,2,'2022-02-25',3.00),(351,'2022-04-23 16:05:47','2022-04-23 16:05:47',1,2,'2022-02-21',3.00),(352,'2022-04-23 16:05:51','2022-04-23 16:05:51',1,2,'2022-02-12',3.00),(353,'2022-04-23 16:05:54','2022-04-23 16:05:54',1,2,'2022-02-09',3.00),(354,'2022-04-23 16:05:56','2022-04-23 16:05:56',1,2,'2022-02-04',3.00),(355,'2022-04-23 16:05:58','2022-04-23 16:05:58',1,2,'2022-02-02',3.00),(356,'2022-04-23 16:06:09','2022-04-23 16:06:09',1,2,'2022-01-25',3.00),(357,'2022-04-23 16:06:11','2022-04-23 16:06:11',1,2,'2022-01-21',3.00),(358,'2022-04-23 16:06:14','2022-04-23 16:06:14',1,2,'2022-01-16',3.00),(359,'2022-04-23 16:06:15','2022-04-23 16:06:15',1,2,'2022-01-15',3.00),(360,'2022-04-23 16:06:16','2022-04-23 16:06:16',1,2,'2022-01-14',3.00),(361,'2022-04-23 16:06:19','2022-04-23 16:06:19',1,2,'2022-01-02',3.00),(362,'2022-04-23 16:06:56','2022-04-23 16:06:56',1,2,'2021-11-26',3.00),(363,'2022-04-23 16:06:57','2022-04-23 16:06:57',1,2,'2021-11-25',3.00),(364,'2022-04-23 16:07:01','2022-04-23 16:07:01',1,2,'2021-12-31',3.00),(365,'2022-04-23 16:07:02','2022-04-23 16:07:02',1,2,'2021-12-30',3.00),(366,'2022-04-23 16:07:03','2022-04-23 16:07:03',1,2,'2021-12-29',3.00),(367,'2022-04-23 16:07:05','2022-04-23 16:07:05',1,2,'2021-12-28',3.00),(368,'2022-04-23 16:07:06','2022-04-23 16:07:06',1,2,'2021-12-27',3.00),(369,'2022-04-23 16:07:09','2022-04-23 16:07:09',1,2,'2021-12-23',3.00),(370,'2022-04-23 16:07:10','2022-04-23 16:07:10',1,2,'2021-12-21',3.00),(371,'2022-04-23 16:07:12','2022-04-23 16:07:12',1,2,'2021-12-20',3.00),(372,'2022-04-23 16:07:14','2022-04-23 16:07:14',1,2,'2021-12-18',3.00),(373,'2022-04-23 16:07:15','2022-04-23 16:07:15',1,2,'2021-12-15',3.00),(374,'2022-04-23 16:07:18','2022-04-23 16:07:18',1,2,'2021-12-14',3.00),(375,'2022-04-23 16:07:19','2022-04-23 16:07:19',1,2,'2021-12-13',3.00),(376,'2022-04-23 16:07:22','2022-04-23 16:07:22',1,2,'2021-12-08',3.00),(377,'2022-04-23 16:07:23','2022-04-23 16:07:23',1,2,'2021-12-06',3.00),(379,'2022-04-23 19:00:40','2022-04-23 19:00:40',1,1,'2022-04-23',1.00),(380,'2022-04-24 11:19:51','2022-04-24 11:19:51',1,1,'2022-04-24',1.00),(381,'2022-04-24 11:19:52','2022-04-24 11:19:52',1,3,'2022-04-24',2.00),(382,'2022-04-25 17:55:31','2022-04-25 17:55:31',1,1,'2022-04-25',1.00),(383,'2022-04-25 17:55:32','2022-04-25 17:55:32',1,3,'2022-04-25',2.00),(385,'2022-04-26 04:28:24','2022-04-26 04:28:24',1,2,'2022-04-26',3.00),(386,'2022-04-26 10:42:08','2022-04-26 10:42:08',1,3,'2022-04-26',2.00),(387,'2022-04-26 18:15:11','2022-04-26 18:15:11',1,1,'2022-04-26',1.00),(388,'2022-04-27 15:02:47','2022-04-27 15:02:47',1,3,'2022-04-27',2.00),(389,'2022-04-27 18:09:24','2022-04-27 18:09:24',1,1,'2022-04-27',1.00),(390,'2022-04-28 18:27:05','2022-04-28 18:27:05',1,3,'2022-04-28',2.00),(391,'2022-04-29 16:49:23','2022-04-29 16:49:23',1,3,'2022-04-29',2.00),(392,'2022-05-02 16:05:23','2022-05-02 16:05:23',1,1,'2022-05-02',1.00),(393,'2022-05-02 16:05:23','2022-05-02 16:05:23',1,1,'2022-05-02',1.00),(394,'2022-05-02 16:05:26','2022-05-02 16:05:26',1,3,'2022-05-02',2.00),(395,'2022-05-03 17:42:00','2022-05-03 17:42:00',1,3,'2022-05-03',2.00),(396,'2022-05-03 17:55:05','2022-05-03 17:55:05',1,1,'2022-05-03',1.00),(397,'2022-05-04 15:33:22','2022-05-04 15:33:22',1,3,'2022-05-04',2.00),(398,'2022-05-05 15:42:37','2022-05-05 15:42:37',1,3,'2022-05-05',2.00),(399,'2022-05-05 18:20:09','2022-05-05 18:20:09',1,1,'2022-05-05',1.00),(400,'2022-05-06 15:14:10','2022-05-06 15:14:10',1,3,'2022-05-06',2.00),(401,'2022-05-07 15:00:47','2022-05-07 15:00:47',1,2,'2022-05-07',3.00),(402,'2022-05-07 15:00:50','2022-05-07 15:00:50',1,3,'2022-05-07',2.00),(403,'2022-05-08 13:04:00','2022-05-08 13:04:00',1,3,'2022-05-08',2.00),(404,'2022-05-08 13:16:09','2022-05-08 13:16:09',1,2,'2022-05-08',3.00),(405,'2022-05-08 13:16:10','2022-05-08 13:16:10',1,1,'2022-05-08',1.00),(406,'2022-05-09 16:57:11','2022-05-09 16:57:11',1,3,'2022-05-09',2.00),(407,'2022-05-10 17:17:19','2022-05-10 17:17:19',1,3,'2022-05-10',2.00),(408,'2022-05-10 18:24:20','2022-05-10 18:24:20',1,1,'2022-05-10',1.00),(409,'2022-05-11 03:58:21','2022-05-11 03:58:21',1,2,'2022-05-11',3.00),(410,'2022-05-11 14:40:23','2022-05-11 14:40:23',1,3,'2022-05-11',2.00),(411,'2022-05-11 18:01:35','2022-05-11 18:01:35',1,1,'2022-05-11',1.00),(412,'2022-05-12 18:31:13','2022-05-12 18:31:13',1,3,'2022-05-12',2.00),(413,'2022-05-12 18:49:28','2022-05-12 18:49:28',1,1,'2022-05-12',1.00),(414,'2022-05-15 12:17:09','2022-05-15 12:17:09',1,3,'2022-05-15',2.00),(415,'2022-05-15 13:06:00','2022-05-15 13:06:00',1,1,'2022-05-15',1.00),(416,'2022-05-16 13:27:49','2022-05-16 13:27:49',1,3,'2022-05-16',2.00),(417,'2022-05-16 17:45:51','2022-05-16 17:45:51',1,1,'2022-05-16',1.00),(418,'2022-05-17 16:50:57','2022-05-17 16:50:57',1,1,'2022-05-17',1.00),(419,'2022-05-17 16:53:12','2022-05-17 16:53:12',1,3,'2022-05-17',2.00),(420,'2022-05-18 05:21:45','2022-05-18 05:21:45',1,2,'2022-05-18',3.00),(421,'2022-05-18 16:46:19','2022-05-18 16:46:19',1,3,'2022-05-18',2.00),(422,'2022-05-18 18:00:21','2022-05-18 18:00:21',1,1,'2022-05-18',1.00),(423,'2022-05-19 15:37:00','2022-05-19 15:37:00',1,3,'2022-05-19',2.00),(424,'2022-05-19 15:54:34','2022-05-19 15:54:34',1,2,'2022-05-19',3.00),(425,'2022-05-19 18:22:28','2022-05-19 18:22:28',1,1,'2022-05-19',1.00),(426,'2022-05-20 07:13:25','2022-05-20 07:13:25',1,2,'2022-05-20',3.00),(427,'2022-05-20 14:05:51','2022-05-20 14:05:51',1,3,'2022-05-20',2.00),(429,'2022-05-20 18:30:58','2022-05-20 18:30:58',1,1,'2022-05-20',1.00),(430,'2022-05-21 03:27:24','2022-05-21 03:27:24',1,2,'2022-05-21',3.00),(431,'2022-05-21 04:00:38','2022-05-21 04:00:38',1,1,'2022-05-21',1.00),(432,'2022-05-21 08:00:19','2022-05-21 08:00:19',1,3,'2022-05-21',2.00),(433,'2022-05-23 13:18:08','2022-05-23 13:18:08',1,3,'2022-05-22',2.00),(434,'2022-05-23 18:01:13','2022-05-23 18:01:13',1,3,'2022-05-23',2.00),(435,'2022-05-24 19:27:37','2022-05-24 19:27:37',1,3,'2022-05-24',2.00),(436,'2022-05-30 15:03:04','2022-05-30 15:03:04',1,3,'2022-05-30',2.00),(437,'2022-05-31 14:19:01','2022-05-31 14:19:01',1,3,'2022-05-31',2.00),(438,'2022-05-31 19:05:13','2022-05-31 19:05:13',1,1,'2022-05-31',1.00),(439,'2022-06-01 03:30:34','2022-06-01 03:30:34',1,2,'2022-06-01',3.00),(440,'2022-06-01 17:55:46','2022-06-01 17:55:46',1,3,'2022-06-01',2.00),(441,'2022-06-01 18:02:58','2022-06-01 18:02:58',1,1,'2022-06-01',1.00),(442,'2022-06-02 17:39:33','2022-06-02 17:39:33',1,3,'2022-06-02',2.00),(443,'2022-06-03 02:28:56','2022-06-03 02:28:56',1,1,'2022-06-02',1.00),(444,'2022-06-03 04:56:29','2022-06-03 04:56:29',1,2,'2022-06-03',3.00),(445,'2022-06-03 09:28:32','2022-06-03 09:28:32',1,3,'2022-06-03',2.00),(446,'2022-06-03 19:19:39','2022-06-03 19:19:39',1,1,'2022-06-03',1.00),(448,'2022-06-06 13:15:19','2022-06-06 13:15:19',1,3,'2022-06-06',2.00),(449,'2022-06-07 12:08:30','2022-06-07 12:08:30',1,3,'2022-06-07',2.00),(450,'2022-06-08 14:56:57','2022-06-08 14:56:57',1,3,'2022-06-08',2.00),(451,'2022-06-09 12:05:08','2022-06-09 12:05:08',1,3,'2022-06-09',2.00),(453,'2022-06-10 14:44:30','2022-06-10 14:44:30',1,3,'2022-06-10',2.00),(454,'2022-06-12 09:05:48','2022-06-12 09:05:48',1,3,'2022-06-12',2.00),(455,'2022-06-13 18:23:35','2022-06-13 18:23:35',1,3,'2022-06-13',2.00),(456,'2022-06-14 16:11:48','2022-06-14 16:11:48',1,3,'2022-06-14',2.00),(457,'2022-06-14 16:16:45','2022-06-14 16:16:45',1,1,'2022-06-14',1.00),(458,'2022-06-15 17:17:38','2022-06-15 17:17:38',1,3,'2022-06-15',2.00),(459,'2022-06-15 18:52:03','2022-06-15 18:52:03',1,1,'2022-06-15',1.00),(460,'2022-06-16 15:37:41','2022-06-16 15:37:41',1,3,'2022-06-16',2.00),(461,'2022-06-16 19:59:09','2022-06-16 19:59:09',1,1,'2022-06-16',1.00),(462,'2022-06-17 05:59:14','2022-06-17 05:59:14',1,2,'2022-06-17',3.00),(463,'2022-06-17 06:01:31','2022-06-17 06:01:31',1,3,'2022-06-17',2.00),(464,'2022-06-17 10:44:17','2022-06-17 10:44:17',1,1,'2022-06-17',1.00),(465,'2022-06-19 12:17:15','2022-06-19 12:17:15',1,3,'2022-06-19',2.00),(467,'2022-06-20 10:08:45','2022-06-20 10:08:45',1,2,'2022-06-20',3.00),(468,'2022-06-20 18:59:41','2022-06-20 18:59:41',1,3,'2022-06-20',2.00),(469,'2022-06-22 01:40:56','2022-06-22 01:40:56',1,3,'2022-06-21',2.00),(470,'2022-06-22 18:51:53','2022-06-22 18:51:53',1,3,'2022-06-22',2.00),(471,'2022-06-23 14:41:54','2022-06-23 14:41:54',1,3,'2022-06-23',2.00),(472,'2022-06-23 18:16:47','2022-06-23 18:16:47',1,1,'2022-06-23',1.00),(473,'2022-06-25 05:19:06','2022-06-25 05:19:06',1,2,'2022-06-25',3.00),(474,'2022-06-26 08:16:46','2022-06-26 08:16:46',1,1,'2022-06-26',1.00),(475,'2022-06-26 14:25:20','2022-06-26 14:25:20',1,3,'2022-06-26',2.00),(476,'2022-06-26 14:25:22','2022-06-26 14:25:22',1,2,'2022-06-26',3.00),(477,'2022-06-27 16:53:01','2022-06-27 16:53:01',1,2,'2022-06-27',3.00),(478,'2022-06-27 16:54:14','2022-06-27 16:54:14',1,3,'2022-06-27',2.00),(479,'2022-06-27 16:58:59','2022-06-27 16:58:59',1,1,'2022-06-27',1.00),(481,'2022-06-28 14:37:51','2022-06-28 14:37:51',1,2,'2022-06-28',3.00),(482,'2022-06-28 14:54:01','2022-06-28 14:54:01',1,3,'2022-06-28',2.00),(486,'2022-06-28 18:16:20','2022-06-28 18:16:20',1,1,'2022-06-28',1.00),(487,'2022-06-29 11:04:28','2022-06-29 11:04:28',1,2,'2022-06-29',3.00),(488,'2022-06-29 12:52:28','2022-06-29 12:52:28',1,3,'2022-06-29',2.00),(492,'2022-06-29 18:38:35','2022-06-29 18:38:35',1,1,'2022-06-29',1.00),(493,'2022-06-30 18:44:46','2022-06-30 18:44:46',1,2,'2022-06-30',3.00),(494,'2022-06-30 18:44:48','2022-06-30 18:44:48',1,3,'2022-06-30',2.00),(495,'2022-06-30 18:49:33','2022-06-30 18:49:33',1,1,'2022-06-30',1.00),(496,'2022-07-01 13:13:36','2022-07-01 13:13:36',1,2,'2022-07-01',3.00),(497,'2022-07-01 13:50:21','2022-07-01 13:50:21',1,1,'2022-07-01',1.00),(499,'2022-07-01 16:54:17','2022-07-01 16:54:17',1,3,'2022-07-01',2.00),(500,'2022-07-02 06:46:24','2022-07-02 06:46:24',1,2,'2022-07-02',3.00),(503,'2022-07-02 07:34:20','2022-07-02 07:34:20',1,1,'2022-07-02',1.00),(504,'2022-07-04 11:12:00','2022-07-04 11:12:00',1,1,'2022-07-04',1.00),(505,'2022-07-04 18:33:30','2022-07-04 18:33:30',1,3,'2022-07-04',2.00),(506,'2022-07-05 08:34:28','2022-07-05 08:34:28',1,2,'2022-07-05',3.00),(507,'2022-07-05 17:26:27','2022-07-05 17:26:27',1,3,'2022-07-05',2.00),(508,'2022-07-05 18:36:34','2022-07-05 18:36:34',1,1,'2022-07-05',1.00),(509,'2022-07-06 17:10:37','2022-07-06 17:10:37',1,1,'2022-07-06',1.00),(510,'2022-07-06 17:10:38','2022-07-06 17:10:38',1,2,'2022-07-06',3.00),(511,'2022-07-07 03:42:25','2022-07-07 03:42:25',1,3,'2022-07-06',2.00),(512,'2022-07-07 12:56:29','2022-07-07 12:56:29',1,2,'2022-07-07',3.00),(513,'2022-07-07 12:56:31','2022-07-07 12:56:31',1,1,'2022-07-07',1.00),(514,'2022-07-07 17:22:51','2022-07-07 17:22:51',1,3,'2022-07-07',2.00),(515,'2022-07-08 19:24:54','2022-07-08 19:24:54',1,1,'2022-07-08',1.00),(516,'2022-07-08 19:26:53','2022-07-08 19:26:53',1,3,'2022-07-08',2.00),(518,'2022-07-09 12:31:53','2022-07-09 12:31:53',1,1,'2022-07-09',1.00),(519,'2022-07-09 12:32:04','2022-07-09 12:32:04',1,2,'2022-07-09',3.00),(520,'2022-07-10 04:04:22','2022-07-10 04:04:22',1,3,'2022-07-09',2.00),(521,'2022-07-10 11:25:53','2022-07-10 11:25:53',1,1,'2022-07-10',1.00),(522,'2022-07-10 11:25:56','2022-07-10 11:25:56',1,2,'2022-07-10',3.00),(523,'2022-07-10 17:16:35','2022-07-10 17:16:35',1,3,'2022-07-10',2.00),(524,'2022-07-11 16:21:19','2022-07-11 16:21:19',1,2,'2022-07-11',3.00),(525,'2022-07-11 16:32:03','2022-07-11 16:32:03',1,3,'2022-07-11',2.00),(526,'2022-07-12 03:41:05','2022-07-12 03:41:05',1,1,'2022-07-11',1.00),(527,'2022-07-12 14:22:19','2022-07-12 14:22:19',1,2,'2022-07-12',3.00),(528,'2022-07-12 19:17:17','2022-07-12 19:17:17',1,3,'2022-07-12',2.00),(529,'2022-07-12 19:27:44','2022-07-12 19:27:44',1,1,'2022-07-12',1.00),(530,'2022-07-14 20:59:53','2022-07-14 20:59:53',1,3,'2022-07-15',2.00),(531,'2022-07-15 13:06:59','2022-07-15 13:06:59',1,3,'2022-07-14',2.00),(532,'2022-07-17 06:05:21','2022-07-17 06:05:21',1,3,'2022-07-16',2.00),(533,'2022-07-17 13:54:26','2022-07-17 13:54:26',1,3,'2022-07-17',2.00),(534,'2022-07-18 15:38:46','2022-07-18 15:38:46',1,3,'2022-07-18',2.00),(535,'2022-07-19 14:36:14','2022-07-19 14:36:14',1,3,'2022-07-19',2.00),(536,'2022-07-19 14:49:58','2022-07-19 14:49:58',1,1,'2022-07-19',1.00),(537,'2022-07-20 17:39:26','2022-07-20 17:39:26',1,3,'2022-07-20',2.00),(538,'2022-07-20 18:29:23','2022-07-20 18:29:23',1,1,'2022-07-20',1.00),(539,'2022-07-21 16:56:21','2022-07-21 16:56:21',1,3,'2022-07-21',2.00),(540,'2022-07-21 18:42:17','2022-07-21 18:42:17',1,1,'2022-07-21',1.00),(541,'2022-07-22 14:30:18','2022-07-22 14:30:18',1,3,'2022-07-22',2.00),(542,'2022-07-24 12:01:35','2022-07-24 12:01:35',1,3,'2022-07-24',2.00),(543,'2022-07-26 03:18:13','2022-07-26 03:18:13',1,3,'2022-07-25',2.00),(544,'2022-07-26 14:01:43','2022-07-26 14:01:43',1,3,'2022-07-26',2.00),(545,'2022-07-26 18:01:50','2022-07-26 18:01:50',1,1,'2022-07-26',1.00),(546,'2022-07-27 15:40:04','2022-07-27 15:40:04',1,3,'2022-07-27',2.00),(547,'2022-07-27 18:06:40','2022-07-27 18:06:40',1,1,'2022-07-27',1.00),(548,'2022-07-28 16:17:32','2022-07-28 16:17:32',1,3,'2022-07-28',2.00),(550,'2022-07-28 18:40:30','2022-07-28 18:40:30',1,1,'2022-07-28',1.00),(551,'2022-07-29 12:59:44','2022-07-29 12:59:44',1,3,'2022-07-29',2.00),(552,'2022-07-29 13:04:42','2022-07-29 13:04:42',1,1,'2022-07-29',1.00),(553,'2022-07-31 05:30:12','2022-07-31 05:30:12',1,3,'2022-07-30',2.00),(554,'2022-07-31 18:03:01','2022-07-31 18:03:01',1,1,'2022-07-31',1.00),(555,'2022-07-31 18:08:50','2022-07-31 18:08:50',1,3,'2022-07-31',2.00),(556,'2022-08-01 18:09:49','2022-08-01 18:09:49',1,3,'2022-08-01',2.00),(557,'2022-08-01 18:16:18','2022-08-01 18:16:18',1,1,'2022-08-01',1.00),(558,'2022-08-02 16:29:39','2022-08-02 16:29:39',1,3,'2022-08-02',2.00),(559,'2022-08-02 17:15:47','2022-08-02 17:15:47',1,1,'2022-08-02',1.00),(560,'2022-08-03 18:29:38','2022-08-03 18:29:38',1,3,'2022-08-03',2.00),(561,'2022-08-03 18:33:56','2022-08-03 18:33:56',1,1,'2022-08-03',1.00),(562,'2022-08-04 17:29:30','2022-08-04 17:29:30',1,3,'2022-08-04',2.00),(563,'2022-08-04 17:34:39','2022-08-04 17:34:39',1,1,'2022-08-04',1.00),(564,'2022-08-07 16:00:49','2022-08-07 16:00:49',1,3,'2022-08-07',2.00),(565,'2022-08-07 18:07:18','2022-08-07 18:07:18',1,1,'2022-08-07',1.00),(566,'2022-08-08 18:01:52','2022-08-08 18:01:52',1,3,'2022-08-08',2.00),(567,'2022-08-08 18:01:53','2022-08-08 18:01:53',1,1,'2022-08-08',1.00),(568,'2022-08-09 16:09:54','2022-08-09 16:09:54',1,3,'2022-08-09',2.00),(569,'2022-08-09 17:46:53','2022-08-09 17:46:53',1,1,'2022-08-09',1.00),(570,'2022-08-10 17:12:51','2022-08-10 17:12:51',1,3,'2022-08-10',2.00),(571,'2022-08-11 14:18:02','2022-08-11 14:18:02',1,3,'2022-08-11',2.00),(572,'2022-08-11 18:10:50','2022-08-11 18:10:50',1,1,'2022-08-11',1.00),(573,'2022-08-15 13:34:44','2022-08-15 13:34:44',1,3,'2022-08-14',2.00),(574,'2022-08-15 14:32:02','2022-08-15 14:32:02',1,3,'2022-08-15',2.00),(575,'2022-08-15 18:46:39','2022-08-15 18:46:39',1,1,'2022-08-15',1.00),(576,'2022-08-16 13:44:07','2022-08-16 13:44:07',1,1,'2022-08-16',1.00),(577,'2022-08-16 18:22:00','2022-08-16 18:22:00',1,3,'2022-08-16',2.00),(578,'2022-08-17 16:05:00','2022-08-17 16:05:00',1,3,'2022-08-17',2.00),(579,'2022-08-17 17:17:47','2022-08-17 17:17:47',1,1,'2022-08-17',1.00),(581,'2022-08-22 15:48:18','2022-08-22 15:48:18',1,3,'2022-08-22',2.00),(582,'2022-08-22 17:32:30','2022-08-22 17:32:30',1,1,'2022-08-22',1.00),(583,'2022-08-23 11:33:56','2022-08-23 11:33:56',1,2,'2022-08-23',3.00),(584,'2022-08-23 17:54:33','2022-08-23 17:54:33',1,1,'2022-08-23',1.00),(585,'2022-08-23 17:57:09','2022-08-23 17:57:09',1,3,'2022-08-23',2.00),(586,'2022-08-24 16:24:34','2022-08-24 16:24:34',1,3,'2022-08-24',2.00),(587,'2022-08-24 16:30:20','2022-08-24 16:30:20',1,2,'2022-08-24',3.00),(588,'2022-08-24 19:14:48','2022-08-24 19:14:48',1,1,'2022-08-24',1.00),(589,'2022-08-25 07:31:49','2022-08-25 07:31:49',1,2,'2022-08-25',3.00),(590,'2022-08-25 15:19:21','2022-08-25 15:19:21',1,3,'2022-08-25',2.00),(591,'2022-08-25 18:20:07','2022-08-25 18:20:07',1,1,'2022-08-25',1.00),(592,'2022-08-26 20:34:01','2022-08-26 20:34:01',1,2,'2022-08-26',3.00),(593,'2022-08-26 20:34:02','2022-08-26 20:34:02',1,1,'2022-08-26',1.00),(594,'2022-08-26 20:35:45','2022-08-26 20:35:45',1,3,'2022-08-26',2.00),(595,'2022-08-27 14:21:56','2022-08-27 14:21:56',1,2,'2022-08-27',3.00),(596,'2022-08-27 14:29:09','2022-08-27 14:29:09',1,3,'2022-08-27',2.00),(597,'2022-08-28 15:32:28','2022-08-28 15:32:28',1,3,'2022-08-28',2.00),(598,'2022-08-28 16:40:42','2022-08-28 16:40:42',1,2,'2022-08-28',3.00),(599,'2022-08-28 16:57:57','2022-08-28 16:57:57',1,1,'2022-08-27',1.00),(600,'2022-08-28 18:44:47','2022-08-28 18:44:47',1,1,'2022-08-28',1.00),(601,'2022-08-29 15:05:41','2022-08-29 15:05:41',1,3,'2022-08-29',2.00),(602,'2022-08-29 16:21:57','2022-08-29 16:21:57',1,2,'2022-08-29',3.00),(603,'2022-08-30 15:45:24','2022-08-30 15:45:24',1,3,'2022-08-30',2.00),(604,'2022-08-30 15:46:08','2022-08-30 15:46:08',1,1,'2022-08-29',1.00),(605,'2022-08-30 17:50:25','2022-08-30 17:50:25',1,1,'2022-08-30',1.00),(606,'2022-08-31 16:36:26','2022-08-31 16:36:26',1,3,'2022-08-31',2.00),(607,'2022-08-31 17:16:41','2022-08-31 17:16:41',1,2,'2022-08-31',3.00),(608,'2022-08-31 17:45:34','2022-08-31 17:45:34',1,1,'2022-08-31',1.00),(609,'2022-09-01 16:33:29','2022-09-01 16:33:29',1,1,'2022-09-01',1.00),(610,'2022-09-01 16:33:30','2022-09-01 16:33:30',1,3,'2022-09-01',2.00),(611,'2022-09-01 16:53:04','2022-09-01 16:53:04',1,2,'2022-09-01',3.00),(612,'2022-09-02 03:26:36','2022-09-02 03:26:36',1,3,'2022-09-02',2.00),(613,'2022-09-02 05:22:49','2022-09-02 05:22:49',1,1,'2022-09-02',1.00),(614,'2022-09-03 14:17:23','2022-09-03 14:17:23',1,3,'2022-09-03',2.00),(615,'2022-09-03 17:22:04','2022-09-03 17:22:04',1,2,'2022-09-03',3.00),(616,'2022-09-03 17:34:45','2022-09-03 17:34:45',1,1,'2022-09-03',1.00),(617,'2022-09-04 11:53:20','2022-09-04 11:53:20',1,3,'2022-09-04',2.00),(618,'2022-09-04 16:23:24','2022-09-04 16:23:24',1,2,'2022-09-04',3.00),(619,'2022-09-04 16:31:10','2022-09-04 16:31:10',1,1,'2022-09-04',1.00),(620,'2022-09-05 15:06:49','2022-09-05 15:06:49',1,3,'2022-09-05',2.00),(621,'2022-09-05 15:31:53','2022-09-05 15:31:53',1,1,'2022-09-05',1.00),(622,'2022-09-05 15:48:25','2022-09-05 15:48:25',1,2,'2022-09-05',3.00),(623,'2022-09-06 13:24:57','2022-09-06 13:24:57',1,1,'2022-09-06',1.00),(624,'2022-09-06 13:24:57','2022-09-06 13:24:57',1,3,'2022-09-06',2.00),(626,'2022-09-06 16:35:39','2022-09-06 16:35:39',1,2,'2022-09-06',3.00),(627,'2022-09-07 14:51:40','2022-09-07 14:51:40',1,3,'2022-09-07',2.00),(628,'2022-09-07 15:00:37','2022-09-07 15:00:37',1,1,'2022-09-07',1.00),(629,'2022-09-07 17:40:17','2022-09-07 17:40:17',1,2,'2022-09-07',3.00),(630,'2022-09-08 13:59:56','2022-09-08 13:59:56',1,3,'2022-09-08',2.00),(631,'2022-09-08 18:30:14','2022-09-08 18:30:14',1,2,'2022-09-08',3.00),(632,'2022-09-08 18:34:51','2022-09-08 18:34:51',1,1,'2022-09-08',1.00),(633,'2022-09-09 04:16:02','2022-09-09 04:16:02',1,1,'2022-09-09',1.00),(634,'2022-09-09 15:35:36','2022-09-09 15:35:36',1,3,'2022-09-09',2.00),(636,'2022-09-12 16:23:51','2022-09-12 16:23:51',1,3,'2022-09-12',2.00),(637,'2022-09-12 16:32:07','2022-09-12 16:32:07',1,1,'2022-09-12',1.00),(638,'2022-09-12 17:44:27','2022-09-12 17:44:27',1,2,'2022-09-12',3.00),(639,'2022-09-13 16:58:24','2022-09-13 16:58:24',1,2,'2022-09-13',3.00),(640,'2022-09-13 16:58:25','2022-09-13 16:58:25',1,3,'2022-09-13',2.00),(641,'2022-09-13 18:10:42','2022-09-13 18:10:42',1,1,'2022-09-13',1.00),(642,'2022-09-14 15:06:51','2022-09-14 15:06:51',1,3,'2022-09-14',2.00),(643,'2022-09-14 17:22:25','2022-09-14 17:22:25',1,2,'2022-09-14',3.00),(644,'2022-09-14 18:05:15','2022-09-14 18:05:15',1,1,'2022-09-14',1.00),(645,'2022-09-15 16:10:35','2022-09-15 16:10:35',1,3,'2022-09-15',2.00),(649,'2022-09-15 20:50:54','2022-09-15 20:50:54',1,2,'2022-09-15',3.00),(650,'2022-09-15 20:55:13','2022-09-15 20:55:13',1,1,'2022-09-15',1.00),(651,'2022-09-16 13:56:41','2022-09-16 13:56:41',1,3,'2022-09-16',2.00),(652,'2022-09-16 17:13:23','2022-09-16 17:13:23',1,1,'2022-09-16',1.00),(653,'2022-09-16 18:35:36','2022-09-16 18:35:36',1,2,'2022-09-16',3.00),(659,'2022-09-17 23:16:03','2022-09-17 23:16:03',1,1,'2022-09-17',1.00),(660,'2022-09-17 23:16:03','2022-09-17 23:16:03',1,1,'2022-09-17',1.00),(661,'2022-09-17 23:18:32','2022-09-17 23:18:32',1,3,'2022-09-17',2.00),(662,'2022-09-18 07:29:11','2022-09-18 07:29:11',1,1,'2022-09-18',1.00),(663,'2022-09-18 13:58:56','2022-09-18 13:58:56',1,3,'2022-09-18',2.00),(664,'2022-09-19 15:55:44','2022-09-19 15:55:44',1,3,'2022-09-19',2.00),(665,'2022-09-19 16:52:06','2022-09-19 16:52:06',1,1,'2022-09-19',1.00),(666,'2022-09-19 16:52:21','2022-09-19 16:52:21',1,2,'2022-09-18',3.00),(667,'2022-09-19 18:12:16','2022-09-19 18:12:16',1,2,'2022-09-19',3.00),(668,'2022-09-20 16:25:54','2022-09-20 16:25:54',1,3,'2022-09-20',2.00),(669,'2022-09-20 18:26:26','2022-09-20 18:26:26',1,1,'2022-09-20',1.00),(670,'2022-09-21 09:33:00','2022-09-21 09:33:00',1,2,'2022-09-21',3.00),(671,'2022-09-21 15:58:57','2022-09-21 15:58:57',1,3,'2022-09-21',2.00),(672,'2022-09-22 03:29:05','2022-09-22 03:29:05',1,1,'2022-09-21',1.00),(673,'2022-09-22 15:47:30','2022-09-22 15:47:30',1,1,'2022-09-22',1.00),(674,'2022-09-22 18:03:34','2022-09-22 18:03:34',1,3,'2022-09-22',2.00),(675,'2022-09-23 03:08:05','2022-09-23 03:08:05',1,1,'2022-09-23',1.00),(677,'2022-09-25 05:13:29','2022-09-25 05:13:29',1,3,'2022-09-24',2.00),(678,'2022-09-25 13:28:08','2022-09-25 13:28:08',1,2,'2022-09-25',3.00),(679,'2022-09-25 16:37:40','2022-09-25 16:37:40',1,3,'2022-09-25',2.00),(680,'2022-09-25 17:24:55','2022-09-25 17:24:55',1,1,'2022-09-25',1.00),(681,'2022-09-26 13:09:05','2022-09-26 13:09:05',1,3,'2022-09-26',2.00),(682,'2022-09-26 17:56:32','2022-09-26 17:56:32',1,1,'2022-09-26',1.00),(683,'2022-09-27 15:53:09','2022-09-27 15:53:09',1,3,'2022-09-27',2.00),(684,'2022-09-27 16:21:51','2022-09-27 16:21:51',1,2,'2022-09-27',3.00),(685,'2022-09-27 17:39:59','2022-09-27 17:39:59',1,1,'2022-09-27',1.00),(686,'2022-09-28 15:37:08','2022-09-28 15:37:08',1,3,'2022-09-28',2.00),(687,'2022-09-28 16:35:33','2022-09-28 16:35:33',1,1,'2022-09-28',1.00),(688,'2022-09-28 16:49:58','2022-09-28 16:49:58',1,2,'2022-09-28',3.00),(690,'2022-09-29 15:28:20','2022-09-29 15:28:20',1,3,'2022-09-29',2.00),(691,'2022-09-29 15:50:24','2022-09-29 15:50:24',1,1,'2022-09-29',1.00),(694,'2022-09-29 18:12:20','2022-09-29 18:12:20',1,2,'2022-09-29',3.00),(695,'2022-09-30 15:25:56','2022-09-30 15:25:56',1,3,'2022-09-30',2.00),(696,'2022-09-30 15:32:07','2022-09-30 15:32:07',1,1,'2022-09-30',1.00),(697,'2022-09-30 21:11:39','2022-09-30 21:11:39',1,2,'2022-09-30',3.00),(698,'2022-10-01 06:29:48','2022-10-01 06:29:48',1,1,'2022-10-01',1.00),(699,'2022-10-01 13:07:08','2022-10-01 13:07:08',1,3,'2022-10-01',2.00),(700,'2022-10-02 20:53:43','2022-10-02 20:53:43',1,3,'2022-10-02',2.00),(701,'2022-10-02 22:34:18','2022-10-02 22:34:18',1,2,'2022-10-02',3.00),(702,'2022-10-03 16:48:56','2022-10-03 16:48:56',1,3,'2022-10-03',2.00),(703,'2022-10-04 16:58:22','2022-10-04 16:58:22',1,3,'2022-10-04',2.00),(704,'2022-10-04 17:38:53','2022-10-04 17:38:53',1,2,'2022-10-04',3.00),(705,'2022-10-04 17:54:18','2022-10-04 17:54:18',1,1,'2022-10-04',1.00),(706,'2022-10-05 19:15:05','2022-10-05 19:15:05',1,2,'2022-10-05',3.00),(707,'2022-10-05 19:19:55','2022-10-05 19:19:55',1,1,'2022-10-05',1.00),(708,'2022-10-05 19:22:40','2022-10-05 19:22:40',1,3,'2022-10-05',2.00),(710,'2022-10-06 13:10:22','2022-10-06 13:10:22',1,1,'2022-10-06',1.00),(711,'2022-10-06 13:10:27','2022-10-06 13:10:27',1,3,'2022-10-06',2.00),(712,'2022-10-06 17:34:38','2022-10-06 17:34:38',1,2,'2022-10-06',3.00),(713,'2022-10-07 15:58:04','2022-10-07 15:58:04',1,3,'2022-10-07',2.00),(715,'2022-10-07 16:23:04','2022-10-07 16:23:04',1,2,'2022-10-07',3.00),(716,'2022-10-07 19:01:49','2022-10-07 19:01:49',1,1,'2022-10-07',1.00),(717,'2022-10-08 14:43:13','2022-10-08 14:43:13',1,1,'2022-10-08',1.00),(718,'2022-10-08 14:46:24','2022-10-08 14:46:24',1,3,'2022-10-08',2.00),(719,'2022-10-08 14:47:46','2022-10-08 14:47:46',1,2,'2022-10-08',3.00),(720,'2022-10-09 10:29:34','2022-10-09 10:29:34',1,3,'2022-10-09',2.00),(721,'2022-10-09 10:33:44','2022-10-09 10:33:44',1,1,'2022-10-09',1.00),(722,'2022-10-09 10:35:23','2022-10-09 10:35:23',1,2,'2022-10-09',3.00),(723,'2022-10-10 15:35:02','2022-10-10 15:35:02',1,3,'2022-10-10',2.00),(724,'2022-10-10 17:49:36','2022-10-10 17:49:36',1,1,'2022-10-10',1.00),(725,'2022-10-10 17:51:37','2022-10-10 17:51:37',1,2,'2022-10-10',3.00),(726,'2022-10-11 15:29:01','2022-10-11 15:29:01',1,3,'2022-10-11',2.00),(727,'2022-10-11 15:32:52','2022-10-11 15:32:52',1,1,'2022-10-11',1.00),(728,'2022-10-11 18:37:47','2022-10-11 18:37:47',1,2,'2022-10-11',3.00),(729,'2022-10-12 16:45:22','2022-10-12 16:45:22',1,3,'2022-10-12',2.00),(730,'2022-10-12 17:41:24','2022-10-12 17:41:24',1,1,'2022-10-12',1.00),(731,'2022-10-12 17:50:08','2022-10-12 17:50:08',1,2,'2022-10-12',3.00),(734,'2022-10-13 14:47:57','2022-10-13 14:47:57',1,1,'2022-10-13',1.00),(735,'2022-10-13 18:10:34','2022-10-13 18:10:34',1,2,'2022-10-13',3.00),(736,'2022-10-13 18:14:18','2022-10-13 18:14:18',1,3,'2022-10-13',2.00),(737,'2022-10-14 14:35:06','2022-10-14 14:35:06',1,3,'2022-10-14',2.00),(738,'2022-10-14 14:42:13','2022-10-14 14:42:13',1,1,'2022-10-14',1.00),(739,'2022-10-14 17:23:17','2022-10-14 17:23:17',1,2,'2022-10-14',3.00),(740,'2022-10-15 05:43:24','2022-10-15 05:43:24',1,1,'2022-10-15',1.00),(741,'2022-10-15 09:46:40','2022-10-15 09:46:40',1,2,'2022-10-15',3.00),(742,'2022-10-16 09:47:34','2022-10-16 09:47:34',1,3,'2022-10-15',2.00),(743,'2022-10-16 15:12:32','2022-10-16 15:12:32',1,1,'2022-10-16',1.00),(744,'2022-10-16 15:39:15','2022-10-16 15:39:15',1,3,'2022-10-16',2.00),(745,'2022-10-16 17:27:17','2022-10-16 17:27:17',1,2,'2022-10-16',3.00),(746,'2022-10-17 14:41:44','2022-10-17 14:41:44',1,1,'2022-10-17',1.00),(747,'2022-10-17 14:42:45','2022-10-17 14:42:45',1,3,'2022-10-17',2.00),(748,'2022-10-17 14:57:02','2022-10-17 14:57:02',1,2,'2022-10-17',3.00),(749,'2022-10-18 15:25:55','2022-10-18 15:25:55',1,1,'2022-10-18',1.00),(750,'2022-10-18 16:41:05','2022-10-18 16:41:05',1,3,'2022-10-18',2.00),(751,'2022-10-18 16:53:27','2022-10-18 16:53:27',1,2,'2022-10-18',3.00),(752,'2022-10-19 15:01:16','2022-10-19 15:01:16',1,3,'2022-10-19',2.00),(753,'2022-10-19 16:16:39','2022-10-19 16:16:39',1,2,'2022-10-19',3.00),(754,'2022-10-19 17:46:09','2022-10-19 17:46:09',1,1,'2022-10-19',1.00),(755,'2022-10-20 14:43:03','2022-10-20 14:43:03',1,3,'2022-10-20',2.00),(756,'2022-10-20 14:47:20','2022-10-20 14:47:20',1,1,'2022-10-20',1.00),(757,'2022-10-20 17:21:59','2022-10-20 17:21:59',1,2,'2022-10-20',3.00),(758,'2022-10-21 12:57:34','2022-10-21 12:57:34',1,2,'2022-10-21',3.00),(759,'2022-10-21 12:58:50','2022-10-21 12:58:50',1,3,'2022-10-21',2.00),(760,'2022-10-21 13:01:22','2022-10-21 13:01:22',1,1,'2022-10-21',1.00),(761,'2022-10-22 06:28:29','2022-10-22 06:28:29',1,1,'2022-10-22',1.00),(762,'2022-10-22 10:07:48','2022-10-22 10:07:48',1,2,'2022-10-22',3.00),(763,'2022-10-22 14:56:30','2022-10-22 14:56:30',1,3,'2022-10-22',2.00),(764,'2022-10-23 12:09:36','2022-10-23 12:09:36',1,3,'2022-10-23',2.00),(765,'2022-10-23 15:08:01','2022-10-23 15:08:01',1,2,'2022-10-23',3.00),(767,'2022-10-23 16:53:37','2022-10-23 16:53:37',1,1,'2022-10-23',1.00),(768,'2022-10-24 16:10:40','2022-10-24 16:10:40',1,3,'2022-10-24',2.00),(770,'2022-10-24 17:17:05','2022-10-24 17:17:05',1,2,'2022-10-24',3.00),(772,'2022-10-24 17:19:53','2022-10-24 17:19:53',1,1,'2022-10-24',1.00),(773,'2022-10-25 14:53:52','2022-10-25 14:53:52',1,3,'2022-10-25',2.00),(776,'2022-10-25 15:00:23','2022-10-25 15:00:23',1,1,'2022-10-25',1.00),(778,'2022-10-25 15:59:28','2022-10-25 15:59:28',1,2,'2022-10-25',3.00),(779,'2022-10-26 16:11:03','2022-10-26 16:11:03',1,3,'2022-10-26',2.00),(780,'2022-10-26 16:13:21','2022-10-26 16:13:21',1,1,'2022-10-26',1.00),(781,'2022-10-26 16:40:09','2022-10-26 16:40:09',1,2,'2022-10-26',3.00),(782,'2022-10-27 15:57:00','2022-10-27 15:57:00',1,1,'2022-10-27',1.00),(783,'2022-10-27 16:30:29','2022-10-27 16:30:29',1,3,'2022-10-27',2.00),(784,'2022-10-27 17:43:11','2022-10-27 17:43:11',1,2,'2022-10-27',3.00),(785,'2022-10-28 14:28:57','2022-10-28 14:28:57',1,3,'2022-10-28',2.00),(786,'2022-10-28 20:55:44','2022-10-28 20:55:44',1,2,'2022-10-28',3.00),(787,'2022-10-28 21:00:51','2022-10-28 21:00:51',1,1,'2022-10-28',1.00),(788,'2022-10-29 14:16:51','2022-10-29 14:16:51',1,1,'2022-10-29',1.00),(789,'2022-10-29 16:36:12','2022-10-29 16:36:12',1,2,'2022-10-29',3.00),(790,'2022-10-29 16:52:49','2022-10-29 16:52:49',1,3,'2022-10-29',2.00),(791,'2022-10-30 18:28:02','2022-10-30 18:28:02',1,2,'2022-10-30',3.00),(796,'2022-10-30 18:51:20','2022-10-30 18:51:20',1,3,'2022-10-30',2.00),(797,'2022-10-30 18:54:48','2022-10-30 18:54:48',1,1,'2022-10-30',1.00),(798,'2022-10-31 19:02:42','2022-10-31 19:02:42',1,3,'2022-10-31',2.00),(799,'2022-10-31 19:04:00','2022-10-31 19:04:00',1,2,'2022-10-31',3.00),(800,'2022-10-31 19:07:23','2022-10-31 19:07:23',1,1,'2022-10-31',1.00),(801,'2022-11-01 16:43:39','2022-11-01 16:43:39',1,2,'2022-11-01',3.00),(802,'2022-11-01 19:16:36','2022-11-01 19:16:36',1,1,'2022-11-01',1.00),(803,'2022-11-01 19:21:05','2022-11-01 19:21:05',1,3,'2022-11-01',2.00),(804,'2022-11-02 17:24:13','2022-11-02 17:24:13',1,3,'2022-11-02',2.00),(805,'2022-11-02 18:22:18','2022-11-02 18:22:18',1,1,'2022-11-02',1.00),(806,'2022-11-02 18:32:02','2022-11-02 18:32:02',1,2,'2022-11-02',3.00),(807,'2022-11-03 20:29:15','2022-11-03 20:29:15',1,3,'2022-11-03',2.00),(808,'2022-11-03 20:40:49','2022-11-03 20:40:49',1,1,'2022-11-03',1.00),(809,'2022-11-03 21:31:38','2022-11-03 21:31:38',1,2,'2022-11-03',3.00),(810,'2022-11-08 19:23:27','2022-11-08 19:23:27',1,3,'2022-11-08',2.00),(811,'2022-11-10 17:28:04','2022-11-10 17:28:04',1,3,'2022-11-10',2.00),(812,'2022-11-10 17:28:08','2022-11-10 17:28:08',1,3,'2022-11-09',2.00),(813,'2022-11-10 19:37:59','2022-11-10 19:37:59',1,2,'2022-11-10',3.00),(814,'2022-11-10 19:48:14','2022-11-10 19:48:14',1,1,'2022-11-10',1.00),(815,'2022-11-11 09:39:09','2022-11-11 09:39:09',1,2,'2022-11-11',3.00),(816,'2022-11-11 09:47:25','2022-11-11 09:47:25',1,1,'2022-11-11',1.00),(817,'2022-11-11 21:30:36','2022-11-11 21:30:36',1,3,'2022-11-11',2.00),(818,'2022-11-12 15:35:38','2022-11-12 15:35:38',1,3,'2022-11-12',2.00),(819,'2022-11-12 15:37:47','2022-11-12 15:37:47',1,1,'2022-11-12',1.00),(820,'2022-11-12 18:36:13','2022-11-12 18:36:13',1,2,'2022-11-12',3.00),(821,'2022-11-13 18:19:14','2022-11-13 18:19:14',1,2,'2022-11-13',3.00),(822,'2022-11-13 18:54:58','2022-11-13 18:54:58',1,3,'2022-11-13',2.00),(823,'2022-11-13 20:00:51','2022-11-13 20:00:51',1,1,'2022-11-13',1.00),(824,'2022-11-14 17:35:05','2022-11-14 17:35:05',1,2,'2022-11-14',3.00),(825,'2022-11-14 17:36:59','2022-11-14 17:36:59',1,1,'2022-11-14',1.00),(826,'2022-11-14 17:42:09','2022-11-14 17:42:09',1,3,'2022-11-14',2.00),(827,'2022-11-15 16:02:06','2022-11-15 16:02:06',1,2,'2022-11-15',3.00),(828,'2022-11-15 19:28:17','2022-11-15 19:28:17',1,1,'2022-11-15',1.00),(829,'2022-11-15 19:32:22','2022-11-15 19:32:22',1,3,'2022-11-15',2.00),(830,'2022-11-16 17:54:40','2022-11-16 17:54:40',1,3,'2022-11-16',2.00),(831,'2022-11-16 19:53:14','2022-11-16 19:53:14',1,2,'2022-11-16',3.00),(832,'2022-11-16 19:55:37','2022-11-16 19:55:37',1,1,'2022-11-16',1.00),(833,'2022-11-17 18:21:54','2022-11-17 18:21:54',1,2,'2022-11-17',3.00),(834,'2022-11-17 18:30:08','2022-11-17 18:30:08',1,3,'2022-11-17',2.00),(835,'2022-11-17 18:49:04','2022-11-17 18:49:04',1,1,'2022-11-17',1.00),(836,'2022-11-20 15:27:21','2022-11-20 15:27:21',1,1,'2022-11-20',1.00),(837,'2022-11-21 13:49:49','2022-11-21 13:49:49',1,2,'2022-11-21',3.00),(838,'2022-11-21 14:17:13','2022-11-21 14:17:13',1,1,'2022-11-21',1.00),(839,'2022-11-23 11:27:48','2022-11-23 11:27:48',1,2,'2022-11-22',3.00),(840,'2022-11-24 01:53:36','2022-11-24 01:53:36',1,1,'2022-11-24',1.00),(841,'2022-11-25 19:59:50','2022-11-25 19:59:50',1,2,'2022-11-25',3.00),(842,'2022-11-29 11:17:50','2022-11-29 11:17:50',1,3,'2022-11-29',2.00),(843,'2022-11-30 21:35:10','2022-11-30 21:35:10',1,2,'2022-11-30',3.00),(844,'2022-12-02 14:14:50','2022-12-02 14:14:50',1,2,'2022-12-02',3.00),(845,'2022-12-02 14:23:49','2022-12-02 14:23:49',1,1,'2022-12-02',1.00),(846,'2022-12-03 03:12:52','2022-12-03 03:12:52',1,1,'2022-12-03',1.00),(847,'2022-12-03 03:17:26','2022-12-03 03:17:26',1,3,'2022-12-02',2.00),(848,'2022-12-04 06:34:48','2022-12-04 06:34:48',1,3,'2022-12-03',2.00),(849,'2022-12-04 06:39:34','2022-12-04 06:39:34',1,1,'2022-12-04',1.00),(850,'2022-12-04 18:26:47','2022-12-04 18:26:47',1,3,'2022-12-04',2.00),(851,'2022-12-05 08:21:43','2022-12-05 08:21:43',1,1,'2022-12-05',1.00),(852,'2022-12-05 08:24:49','2022-12-05 08:24:49',1,3,'2022-12-05',2.00),(854,'2022-12-06 17:50:24','2022-12-06 17:50:24',1,2,'2022-12-06',3.00),(855,'2022-12-06 18:15:28','2022-12-06 18:15:28',1,1,'2022-12-06',1.00),(856,'2022-12-07 05:51:38','2022-12-07 05:51:38',1,1,'2022-12-07',1.00),(857,'2022-12-07 19:52:28','2022-12-07 19:52:28',1,2,'2022-12-07',3.00),(858,'2022-12-07 20:46:16','2022-12-07 20:46:16',1,3,'2022-12-07',2.00),(859,'2022-12-07 20:47:20','2022-12-07 20:47:20',1,3,'2022-12-06',2.00),(860,'2022-12-08 18:10:48','2022-12-08 18:10:48',1,2,'2022-12-08',3.00),(861,'2022-12-08 19:33:41','2022-12-08 19:33:41',1,3,'2022-12-08',2.00),(862,'2022-12-08 19:45:58','2022-12-08 19:45:58',1,1,'2022-12-08',1.00),(863,'2022-12-09 06:22:17','2022-12-09 06:22:17',1,4,'2022-12-08',0.50),(864,'2022-12-09 06:22:17','2022-12-09 06:22:17',1,5,'2022-12-08',1.00),(865,'2022-12-09 06:22:20','2022-12-09 06:22:20',1,4,'2022-12-09',0.50),(877,'2022-12-09 10:28:41','2022-12-09 10:28:41',1,5,'2022-12-09',1.00),(878,'2022-12-09 12:19:59','2022-12-09 12:19:59',1,1,'2022-12-09',1.00),(879,'2022-12-09 12:36:34','2022-12-09 12:36:34',1,2,'2022-12-09',3.00),(881,'2022-12-09 16:39:45','2022-12-09 16:39:45',1,3,'2022-12-09',2.00),(882,'2022-12-10 08:24:07','2022-12-10 08:24:07',1,4,'2022-12-10',0.50),(883,'2022-12-11 12:36:57','2022-12-11 12:36:57',1,5,'2022-12-10',1.00),(884,'2022-12-11 12:37:05','2022-12-11 12:37:05',1,4,'2022-12-11',0.50),(885,'2022-12-11 12:46:48','2022-12-11 12:46:48',1,5,'2022-12-11',1.00),(886,'2022-12-11 12:46:50','2022-12-11 12:46:50',1,3,'2022-12-11',2.00),(887,'2022-12-12 05:42:25','2022-12-12 05:42:25',1,4,'2022-12-12',0.50),(888,'2022-12-12 18:18:19','2022-12-12 18:18:19',1,5,'2022-12-12',1.00),(889,'2022-12-12 19:30:34','2022-12-12 19:30:34',1,3,'2022-12-12',2.00),(890,'2022-12-12 20:11:50','2022-12-12 20:11:50',1,1,'2022-12-12',1.00),(891,'2022-12-13 12:13:28','2022-12-13 12:13:28',1,5,'2022-12-13',1.00),(892,'2022-12-13 12:13:29','2022-12-13 12:13:29',1,4,'2022-12-13',0.50),(893,'2022-12-13 21:03:46','2022-12-13 21:03:46',1,1,'2022-12-13',1.00),(894,'2022-12-14 05:42:04','2022-12-14 05:42:04',1,4,'2022-12-14',0.50),(895,'2022-12-14 05:42:05','2022-12-14 05:42:05',1,5,'2022-12-14',1.00),(896,'2022-12-14 05:42:11','2022-12-14 05:42:11',1,3,'2022-12-13',2.00),(897,'2022-12-14 18:38:45','2022-12-14 18:38:45',1,3,'2022-12-14',2.00),(898,'2022-12-14 20:38:06','2022-12-14 20:38:06',1,1,'2022-12-14',1.00),(899,'2022-12-15 13:48:24','2022-12-15 13:48:24',1,4,'2022-12-15',0.50),(900,'2022-12-15 13:48:27','2022-12-15 13:48:27',1,5,'2022-12-15',1.00),(901,'2022-12-15 22:09:45','2022-12-15 22:09:45',1,3,'2022-12-15',2.00),(902,'2022-12-16 06:21:43','2022-12-16 06:21:43',1,4,'2022-12-16',0.50),(903,'2022-12-16 06:21:54','2022-12-16 06:21:54',1,5,'2022-12-16',1.00),(904,'2022-12-18 09:45:00','2022-12-18 09:45:00',1,4,'2022-12-18',0.50),(905,'2022-12-19 09:01:30','2022-12-19 09:01:30',1,4,'2022-12-19',0.50),(906,'2022-12-19 09:01:32','2022-12-19 09:01:32',1,5,'2022-12-19',1.00),(907,'2022-12-19 21:22:28','2022-12-19 21:22:28',1,3,'2022-12-19',2.00),(909,'2022-12-19 21:24:40','2022-12-19 21:24:40',1,1,'2022-12-19',1.00),(910,'2022-12-21 17:54:27','2022-12-21 17:54:27',1,4,'2022-12-21',0.50),(911,'2022-12-21 17:54:29','2022-12-21 17:54:29',1,3,'2022-12-21',2.00),(912,'2022-12-21 17:54:30','2022-12-21 17:54:30',1,2,'2022-12-21',3.00),(913,'2022-12-21 17:54:38','2022-12-21 17:54:38',1,5,'2022-12-21',1.00),(914,'2022-12-21 18:05:04','2022-12-21 18:05:04',1,1,'2022-12-21',1.00),(915,'2022-12-22 06:23:41','2022-12-22 06:23:41',1,5,'2022-12-22',1.00),(916,'2022-12-22 06:23:42','2022-12-22 06:23:42',1,4,'2022-12-22',0.50),(917,'2022-12-22 19:30:53','2022-12-22 19:30:53',1,2,'2022-12-22',3.00),(918,'2022-12-22 19:47:03','2022-12-22 19:47:03',1,3,'2022-12-22',2.00),(919,'2022-12-22 19:52:37','2022-12-22 19:52:37',1,1,'2022-12-22',1.00),(920,'2022-12-23 06:38:27','2022-12-23 06:38:27',1,4,'2022-12-23',0.50),(921,'2022-12-23 06:38:30','2022-12-23 06:38:30',1,5,'2022-12-23',1.00),(922,'2022-12-23 15:24:00','2022-12-23 15:24:00',1,1,'2022-12-23',1.00),(923,'2022-12-23 16:58:54','2022-12-23 16:58:54',1,2,'2022-12-23',3.00),(924,'2022-12-23 20:00:46','2022-12-23 20:00:46',1,3,'2022-12-23',2.00),(928,'2022-12-24 06:31:08','2022-12-24 06:31:08',1,4,'2022-12-24',0.50),(929,'2022-12-24 06:31:54','2022-12-24 06:31:54',1,5,'2022-12-24',1.00),(930,'2022-12-24 10:57:23','2022-12-24 10:57:23',1,2,'2022-12-24',3.00),(931,'2022-12-24 11:42:35','2022-12-24 11:42:35',1,3,'2022-12-24',2.00),(932,'2022-12-24 11:44:38','2022-12-24 11:44:38',1,1,'2022-12-24',1.00),(934,'2022-12-25 12:03:42','2022-12-25 12:03:42',1,4,'2022-12-25',0.50),(935,'2022-12-26 07:05:35','2022-12-26 07:05:35',1,5,'2022-12-26',1.00),(936,'2022-12-26 07:05:35','2022-12-26 07:05:35',1,4,'2022-12-26',0.50),(937,'2022-12-26 09:16:57','2022-12-26 09:16:57',1,1,'2022-12-26',1.00),(938,'2022-12-26 16:03:50','2022-12-26 16:03:50',1,3,'2022-12-26',2.00),(939,'2022-12-26 17:28:27','2022-12-26 17:28:27',1,2,'2022-12-26',3.00),(940,'2022-12-27 06:08:22','2022-12-27 06:08:22',1,4,'2022-12-27',0.50),(942,'2022-12-27 16:24:57','2022-12-27 16:24:57',1,3,'2022-12-27',2.00),(943,'2022-12-27 16:28:14','2022-12-27 16:28:14',1,1,'2022-12-27',1.00),(944,'2022-12-27 17:48:41','2022-12-27 17:48:41',1,2,'2022-12-27',3.00),(945,'2022-12-27 23:27:31','2022-12-27 23:27:31',1,5,'2022-12-28',1.00),(946,'2022-12-28 08:23:52','2022-12-28 08:23:52',1,4,'2022-12-28',0.50),(947,'2022-12-28 08:23:53','2022-12-28 08:23:53',1,2,'2022-12-28',3.00),(948,'2022-12-28 20:36:52','2022-12-28 20:36:52',1,1,'2022-12-28',1.00),(949,'2022-12-28 20:41:46','2022-12-28 20:41:46',1,3,'2022-12-28',2.00),(950,'2022-12-29 06:20:04','2022-12-29 06:20:04',1,4,'2022-12-29',0.50),(951,'2022-12-29 06:20:05','2022-12-29 06:20:05',1,5,'2022-12-29',1.00),(952,'2022-12-29 19:31:18','2022-12-29 19:31:18',1,2,'2022-12-29',3.00),(953,'2022-12-29 19:31:59','2022-12-29 19:31:59',1,3,'2022-12-29',2.00),(954,'2022-12-29 19:34:24','2022-12-29 19:34:24',1,1,'2022-12-29',1.00),(955,'2022-12-30 06:21:38','2022-12-30 06:21:38',1,5,'2022-12-30',1.00),(956,'2022-12-30 06:21:39','2022-12-30 06:21:39',1,4,'2022-12-30',0.50),(957,'2022-12-30 07:44:44','2022-12-30 07:44:44',1,2,'2022-12-30',3.00),(958,'2022-12-30 16:50:59','2022-12-30 16:50:59',1,1,'2022-12-30',1.00),(959,'2022-12-30 16:53:59','2022-12-30 16:53:59',1,3,'2022-12-30',2.00),(961,'2022-12-31 10:47:47','2022-12-31 10:47:47',1,4,'2022-12-31',0.50),(962,'2023-01-01 13:33:32','2023-01-01 13:33:32',1,5,'2023-01-01',1.00),(963,'2023-01-01 13:33:33','2023-01-01 13:33:33',1,4,'2023-01-01',0.50),(964,'2023-01-01 13:33:34','2023-01-01 13:33:34',1,2,'2023-01-01',3.00),(965,'2023-01-01 16:55:42','2023-01-01 16:55:42',1,3,'2023-01-01',2.00),(966,'2023-01-01 18:03:54','2023-01-01 18:03:54',1,1,'2023-01-01',1.00),(967,'2023-01-02 07:44:38','2023-01-02 07:44:38',1,5,'2023-01-02',1.00),(968,'2023-01-02 07:44:38','2023-01-02 07:44:38',1,4,'2023-01-02',0.50),(969,'2023-01-02 17:02:55','2023-01-02 17:02:55',1,2,'2023-01-02',3.00),(970,'2023-01-02 19:44:03','2023-01-02 19:44:03',1,3,'2023-01-02',2.00),(971,'2023-01-02 21:02:41','2023-01-02 21:02:41',1,1,'2023-01-02',1.00),(972,'2023-01-03 06:04:42','2023-01-03 06:04:42',1,5,'2023-01-03',1.00),(973,'2023-01-03 06:04:43','2023-01-03 06:04:43',1,4,'2023-01-03',0.50),(974,'2023-01-03 17:25:42','2023-01-03 17:25:42',1,3,'2023-01-03',2.00),(975,'2023-01-03 18:11:58','2023-01-03 18:11:58',1,2,'2023-01-03',3.00),(976,'2023-01-03 18:19:57','2023-01-03 18:19:57',1,1,'2023-01-03',1.00),(977,'2023-01-04 04:23:50','2023-01-04 04:23:50',1,5,'2023-01-04',1.00),(978,'2023-01-04 04:23:50','2023-01-04 04:23:50',1,4,'2023-01-04',0.50),(979,'2023-01-04 08:57:03','2023-01-04 08:57:03',1,1,'2023-01-04',1.00),(980,'2023-01-04 18:16:00','2023-01-04 18:16:00',1,3,'2023-01-04',2.00),(981,'2023-01-04 18:42:45','2023-01-04 18:42:45',1,2,'2023-01-04',3.00),(983,'2023-01-05 08:56:51','2023-01-05 08:56:51',1,4,'2023-01-05',0.50),(984,'2023-01-05 08:56:53','2023-01-05 08:56:53',1,2,'2023-01-05',3.00),(985,'2023-01-05 18:37:54','2023-01-05 18:37:54',1,3,'2023-01-05',2.00),(986,'2023-01-05 20:54:21','2023-01-05 20:54:21',1,1,'2023-01-05',1.00),(990,'2023-01-06 05:54:05','2023-01-06 05:54:05',1,5,'2023-01-06',1.00),(991,'2023-01-06 06:06:23','2023-01-06 06:06:23',1,4,'2023-01-06',0.50),(992,'2023-01-06 17:18:24','2023-01-06 17:18:24',1,2,'2023-01-06',3.00),(993,'2023-01-06 21:08:58','2023-01-06 21:08:58',1,3,'2023-01-06',2.00),(994,'2023-01-06 21:11:09','2023-01-06 21:11:09',1,1,'2023-01-06',1.00),(995,'2023-01-07 06:31:36','2023-01-07 06:31:36',1,5,'2023-01-07',1.00),(996,'2023-01-07 06:31:37','2023-01-07 06:31:37',1,4,'2023-01-07',0.50),(997,'2023-01-07 15:36:46','2023-01-07 15:36:46',1,3,'2023-01-07',2.00),(998,'2023-01-07 18:03:16','2023-01-07 18:03:16',1,1,'2023-01-07',1.00),(999,'2023-01-07 20:10:46','2023-01-07 20:10:46',1,2,'2023-01-07',3.00),(1000,'2023-01-08 06:16:45','2023-01-08 06:16:45',1,5,'2023-01-08',1.00),(1001,'2023-01-08 06:16:46','2023-01-08 06:16:46',1,4,'2023-01-08',0.50),(1002,'2023-01-08 10:49:50','2023-01-08 10:49:50',1,3,'2023-01-08',2.00),(1003,'2023-01-08 16:28:05','2023-01-08 16:28:05',1,2,'2023-01-08',3.00),(1004,'2023-01-08 21:44:47','2023-01-08 21:44:47',1,1,'2023-01-08',1.00),(1005,'2023-01-09 02:59:33','2023-01-09 02:59:33',1,5,'2023-01-09',1.00),(1006,'2023-01-09 05:17:36','2023-01-09 05:17:36',1,4,'2023-01-09',0.50),(1007,'2023-01-09 15:02:49','2023-01-09 15:02:49',1,1,'2023-01-09',1.00),(1008,'2023-01-09 15:39:00','2023-01-09 15:39:00',1,3,'2023-01-09',2.00),(1009,'2023-01-09 17:04:59','2023-01-09 17:04:59',1,2,'2023-01-09',3.00),(1011,'2023-01-10 05:45:36','2023-01-10 05:45:36',1,5,'2023-01-10',1.00),(1012,'2023-01-10 05:45:36','2023-01-10 05:45:36',1,4,'2023-01-10',0.50),(1013,'2023-01-10 07:00:37','2023-01-10 07:00:37',1,1,'2023-01-10',1.00),(1014,'2023-01-10 16:36:35','2023-01-10 16:36:35',1,3,'2023-01-10',2.00),(1015,'2023-01-10 18:46:20','2023-01-10 18:46:20',1,2,'2023-01-10',3.00),(1016,'2023-01-11 05:05:14','2023-01-11 05:05:14',1,5,'2023-01-11',1.00),(1017,'2023-01-11 05:28:45','2023-01-11 05:28:45',1,4,'2023-01-11',0.50),(1018,'2023-01-11 09:46:07','2023-01-11 09:46:07',1,2,'2023-01-11',3.00),(1019,'2023-01-11 20:33:57','2023-01-11 20:33:57',1,3,'2023-01-11',2.00),(1020,'2023-01-11 21:04:09','2023-01-11 21:04:09',1,1,'2023-01-11',1.00),(1022,'2023-01-12 05:45:58','2023-01-12 05:45:58',1,4,'2023-01-12',0.50),(1023,'2023-01-12 15:45:38','2023-01-12 15:45:38',1,2,'2023-01-12',3.00),(1024,'2023-01-12 18:19:05','2023-01-12 18:19:05',1,3,'2023-01-12',2.00),(1025,'2023-01-12 18:37:35','2023-01-12 18:37:35',1,1,'2023-01-12',1.00),(1026,'2023-01-13 06:18:28','2023-01-13 06:18:28',1,4,'2023-01-13',0.50),(1027,'2023-01-13 06:18:29','2023-01-13 06:18:29',1,5,'2023-01-13',1.00),(1028,'2023-01-13 08:47:07','2023-01-13 08:47:07',1,2,'2023-01-13',3.00),(1029,'2023-01-13 17:27:55','2023-01-13 17:27:55',1,1,'2023-01-13',1.00),(1030,'2023-01-13 17:30:56','2023-01-13 17:30:56',1,3,'2023-01-13',2.00),(1031,'2023-01-14 00:11:15','2023-01-14 00:11:15',1,5,'2023-01-14',1.00),(1032,'2023-01-14 08:22:00','2023-01-14 08:22:00',1,4,'2023-01-14',0.50),(1033,'2023-01-14 15:41:39','2023-01-14 15:41:39',1,3,'2023-01-14',2.00),(1034,'2023-01-14 19:17:41','2023-01-14 19:17:41',1,2,'2023-01-14',3.00),(1035,'2023-01-14 23:09:58','2023-01-14 23:09:58',1,1,'2023-01-14',1.00),(1037,'2023-01-15 07:14:50','2023-01-15 07:14:50',1,4,'2023-01-15',0.50),(1038,'2023-01-15 13:26:55','2023-01-15 13:26:55',1,2,'2023-01-15',3.00),(1039,'2023-01-15 17:09:42','2023-01-15 17:09:42',1,3,'2023-01-15',2.00),(1040,'2023-01-15 21:08:55','2023-01-15 21:08:55',1,1,'2023-01-15',1.00),(1041,'2023-01-16 10:15:37','2023-01-16 10:15:37',1,5,'2023-01-16',1.00),(1042,'2023-01-16 10:15:44','2023-01-16 10:15:44',1,1,'2023-01-16',1.00),(1043,'2023-01-16 16:04:55','2023-01-16 16:04:55',1,2,'2023-01-16',3.00),(1044,'2023-01-16 16:40:33','2023-01-16 16:40:33',1,4,'2023-01-16',0.50),(1045,'2023-01-16 16:40:33','2023-01-16 16:40:33',1,3,'2023-01-16',2.00),(1047,'2023-01-17 09:21:57','2023-01-17 09:21:57',1,4,'2023-01-17',0.50),(1048,'2023-01-17 20:37:05','2023-01-17 20:37:05',1,3,'2023-01-17',2.00),(1049,'2023-01-17 20:39:29','2023-01-17 20:39:29',1,1,'2023-01-17',1.00),(1050,'2023-01-17 20:43:01','2023-01-17 20:43:01',1,2,'2023-01-17',3.00),(1051,'2023-01-18 06:27:53','2023-01-18 06:27:53',1,5,'2023-01-18',1.00),(1052,'2023-01-18 07:15:15','2023-01-18 07:15:15',1,4,'2023-01-18',0.50),(1053,'2023-01-19 07:59:47','2023-01-19 07:59:47',1,5,'2023-01-19',1.00),(1054,'2023-01-19 08:05:44','2023-01-19 08:05:44',1,4,'2023-01-19',0.50),(1055,'2023-01-24 11:14:44','2023-01-24 11:14:44',1,5,'2023-01-24',1.00),(1056,'2023-01-24 11:14:44','2023-01-24 11:14:44',1,4,'2023-01-24',0.50),(1057,'2023-01-24 18:17:58','2023-01-24 18:17:58',1,3,'2023-01-24',2.00),(1058,'2023-01-24 18:20:04','2023-01-24 18:20:04',1,1,'2023-01-24',1.00),(1059,'2023-01-24 18:39:51','2023-01-24 18:39:51',1,2,'2023-01-24',3.00),(1060,'2023-01-25 09:42:37','2023-01-25 09:42:37',1,5,'2023-01-25',1.00),(1061,'2023-01-25 09:42:38','2023-01-25 09:42:38',1,4,'2023-01-25',0.50),(1062,'2023-01-25 09:42:40','2023-01-25 09:42:40',1,2,'2023-01-25',3.00),(1063,'2023-01-25 09:46:31','2023-01-25 09:46:31',1,1,'2023-01-25',1.00),(1064,'2023-01-25 17:58:20','2023-01-25 17:58:20',1,3,'2023-01-25',2.00),(1065,'2023-01-26 12:29:36','2023-01-26 12:29:36',1,5,'2023-01-26',1.00),(1066,'2023-01-26 12:29:37','2023-01-26 12:29:37',1,4,'2023-01-26',0.50),(1067,'2023-01-27 08:10:09','2023-01-27 08:10:09',1,3,'2023-01-26',2.00),(1068,'2023-01-27 08:24:53','2023-01-27 08:24:53',1,5,'2023-01-27',1.00),(1069,'2023-01-27 08:24:53','2023-01-27 08:24:53',1,4,'2023-01-27',0.50),(1070,'2023-01-27 21:19:23','2023-01-27 21:19:23',1,3,'2023-01-27',2.00),(1071,'2023-01-27 21:23:04','2023-01-27 21:23:04',1,1,'2023-01-27',1.00),(1072,'2023-01-27 22:08:16','2023-01-27 22:08:16',1,2,'2023-01-27',3.00),(1073,'2023-01-28 08:16:50','2023-01-28 08:16:50',1,5,'2023-01-28',1.00),(1074,'2023-01-28 08:16:50','2023-01-28 08:16:50',1,4,'2023-01-28',0.50),(1075,'2023-01-28 18:23:10','2023-01-28 18:23:10',1,2,'2023-01-28',3.00),(1076,'2023-01-28 18:47:32','2023-01-28 18:47:32',1,3,'2023-01-28',2.00),(1077,'2023-01-28 21:54:56','2023-01-28 21:54:56',1,1,'2023-01-28',1.00),(1078,'2023-01-29 07:19:17','2023-01-29 07:19:17',1,5,'2023-01-29',1.00),(1079,'2023-01-29 07:19:17','2023-01-29 07:19:17',1,4,'2023-01-29',0.50),(1080,'2023-01-29 17:09:01','2023-01-29 17:09:01',1,2,'2023-01-29',3.00),(1081,'2023-01-29 17:14:03','2023-01-29 17:14:03',1,3,'2023-01-29',2.00),(1082,'2023-01-29 17:40:32','2023-01-29 17:40:32',1,1,'2023-01-29',1.00),(1083,'2023-01-30 09:06:23','2023-01-30 09:06:23',1,5,'2023-01-30',1.00),(1084,'2023-01-30 09:06:24','2023-01-30 09:06:24',1,4,'2023-01-30',0.50),(1085,'2023-01-30 19:24:55','2023-01-30 19:24:55',1,3,'2023-01-30',2.00),(1086,'2023-01-30 19:46:37','2023-01-30 19:46:37',1,2,'2023-01-30',3.00),(1087,'2023-01-30 20:57:55','2023-01-30 20:57:55',1,1,'2023-01-30',1.00),(1088,'2023-01-31 05:49:41','2023-01-31 05:49:41',1,5,'2023-01-31',1.00),(1089,'2023-01-31 06:18:53','2023-01-31 06:18:53',1,4,'2023-01-31',0.50),(1090,'2023-01-31 19:55:09','2023-01-31 19:55:09',1,2,'2023-01-31',3.00),(1091,'2023-01-31 20:40:45','2023-01-31 20:40:45',1,3,'2023-01-31',2.00),(1092,'2023-01-31 22:37:33','2023-01-31 22:37:33',1,1,'2023-01-31',1.00),(1094,'2023-02-01 07:23:38','2023-02-01 07:23:38',1,4,'2023-02-01',0.50),(1095,'2023-02-01 17:08:58','2023-02-01 17:08:58',1,2,'2023-02-01',3.00),(1096,'2023-02-01 17:51:35','2023-02-01 17:51:35',1,3,'2023-02-01',2.00),(1097,'2023-02-01 17:53:59','2023-02-01 17:53:59',1,1,'2023-02-01',1.00),(1099,'2023-02-02 06:17:17','2023-02-02 06:17:17',1,4,'2023-02-02',0.50),(1100,'2023-02-02 20:02:47','2023-02-02 20:02:47',1,3,'2023-02-02',2.00),(1103,'2023-02-03 16:52:00','2023-02-03 16:52:00',1,4,'2023-02-03',0.50),(1104,'2023-02-03 20:17:52','2023-02-03 20:17:52',1,1,'2023-02-03',1.00),(1105,'2023-02-03 20:20:42','2023-02-03 20:20:42',1,3,'2023-02-03',2.00),(1106,'2023-02-03 21:09:43','2023-02-03 21:09:43',1,2,'2023-02-03',3.00),(1107,'2023-02-04 17:16:39','2023-02-04 17:16:39',1,5,'2023-02-04',1.00),(1108,'2023-02-04 17:16:39','2023-02-04 17:16:39',1,4,'2023-02-04',0.50),(1110,'2023-02-05 09:36:53','2023-02-05 09:36:53',1,4,'2023-02-05',0.50),(1111,'2023-02-06 05:50:51','2023-02-06 05:50:51',1,5,'2023-02-06',1.00),(1112,'2023-02-06 05:50:52','2023-02-06 05:50:52',1,4,'2023-02-06',0.50),(1113,'2023-02-06 17:17:36','2023-02-06 17:17:36',1,3,'2023-02-06',2.00),(1114,'2023-02-06 17:57:26','2023-02-06 17:57:26',1,2,'2023-02-06',3.00),(1115,'2023-02-07 16:50:45','2023-02-07 16:50:45',1,4,'2023-02-07',0.50),(1117,'2023-02-07 17:00:52','2023-02-07 17:00:52',1,3,'2023-02-07',2.00),(1122,'2023-02-07 23:30:19','2023-02-07 23:30:19',1,2,'2023-02-07',3.00),(1123,'2023-02-08 12:34:54','2023-02-08 12:34:54',1,4,'2023-02-08',0.50),(1124,'2023-02-08 12:34:54','2023-02-08 12:34:54',1,5,'2023-02-08',1.00),(1125,'2023-02-08 16:59:15','2023-02-08 16:59:15',1,3,'2023-02-08',2.00),(1126,'2023-02-08 17:01:10','2023-02-08 17:01:10',1,1,'2023-02-08',1.00),(1127,'2023-02-08 17:56:45','2023-02-08 17:56:45',1,2,'2023-02-08',3.00),(1129,'2023-02-09 05:41:44','2023-02-09 05:41:44',1,4,'2023-02-09',0.50),(1130,'2023-02-09 19:02:05','2023-02-09 19:02:05',1,2,'2023-02-09',3.00),(1131,'2023-02-09 19:02:09','2023-02-09 19:02:09',1,3,'2023-02-09',2.00),(1132,'2023-02-10 13:55:50','2023-02-10 13:55:50',1,4,'2023-02-10',0.50),(1133,'2023-02-10 13:55:50','2023-02-10 13:55:50',1,5,'2023-02-10',1.00),(1134,'2023-02-11 19:45:15','2023-02-11 19:45:15',1,4,'2023-02-11',0.50),(1135,'2023-02-12 09:36:11','2023-02-12 09:36:11',1,5,'2023-02-12',1.00),(1136,'2023-02-12 09:36:12','2023-02-12 09:36:12',1,4,'2023-02-12',0.50),(1137,'2023-02-12 19:09:28','2023-02-12 19:09:28',1,3,'2023-02-12',2.00),(1138,'2023-02-12 19:23:37','2023-02-12 19:23:37',1,2,'2023-02-12',3.00),(1139,'2023-02-12 21:06:32','2023-02-12 21:06:32',1,1,'2023-02-12',1.00),(1140,'2023-02-13 16:56:15','2023-02-13 16:56:15',1,5,'2023-02-13',1.00),(1141,'2023-02-13 16:56:16','2023-02-13 16:56:16',1,4,'2023-02-13',0.50),(1142,'2023-02-13 19:56:28','2023-02-13 19:56:28',1,2,'2023-02-13',3.00),(1143,'2023-02-13 19:57:17','2023-02-13 19:57:17',1,3,'2023-02-13',2.00),(1144,'2023-02-13 21:13:41','2023-02-13 21:13:41',1,1,'2023-02-13',1.00),(1145,'2023-02-14 05:33:11','2023-02-14 05:33:11',1,5,'2023-02-14',1.00),(1146,'2023-02-14 05:33:11','2023-02-14 05:33:11',1,4,'2023-02-14',0.50),(1147,'2023-02-14 18:22:08','2023-02-14 18:22:08',1,2,'2023-02-14',3.00),(1148,'2023-02-14 21:14:39','2023-02-14 21:14:39',1,3,'2023-02-14',2.00),(1149,'2023-02-14 21:16:54','2023-02-14 21:16:54',1,1,'2023-02-14',1.00),(1150,'2023-02-15 08:17:59','2023-02-15 08:17:59',1,5,'2023-02-15',1.00),(1151,'2023-02-15 08:17:59','2023-02-15 08:17:59',1,4,'2023-02-15',0.50),(1152,'2023-02-15 08:18:01','2023-02-15 08:18:01',1,2,'2023-02-15',3.00),(1153,'2023-02-15 18:25:39','2023-02-15 18:25:39',1,3,'2023-02-15',2.00),(1154,'2023-02-15 21:25:31','2023-02-15 21:25:31',1,1,'2023-02-15',1.00),(1155,'2023-02-16 06:47:17','2023-02-16 06:47:17',1,5,'2023-02-16',1.00),(1157,'2023-02-16 14:00:25','2023-02-16 14:00:25',1,4,'2023-02-16',0.50),(1158,'2023-02-16 14:00:26','2023-02-16 14:00:26',1,3,'2023-02-16',2.00),(1159,'2023-02-16 20:14:23','2023-02-16 20:14:23',1,2,'2023-02-16',3.00),(1160,'2023-02-16 20:26:28','2023-02-16 20:26:28',1,1,'2023-02-16',1.00),(1161,'2023-02-17 17:48:11','2023-02-17 17:48:11',1,5,'2023-02-17',1.00),(1162,'2023-02-17 17:48:12','2023-02-17 17:48:12',1,4,'2023-02-17',0.50),(1164,'2023-02-17 17:50:21','2023-02-17 17:50:21',1,1,'2023-02-17',1.00),(1165,'2023-02-17 17:50:22','2023-02-17 17:50:22',1,2,'2023-02-17',3.00),(1166,'2023-02-18 12:02:09','2023-02-18 12:02:09',1,5,'2023-02-18',1.00),(1167,'2023-02-19 07:07:17','2023-02-19 07:07:17',1,5,'2023-02-19',1.00),(1168,'2023-02-19 07:07:18','2023-02-19 07:07:18',1,4,'2023-02-19',0.50),(1169,'2023-02-19 07:07:28','2023-02-19 07:07:28',1,4,'2023-02-18',0.50),(1170,'2023-02-19 07:07:35','2023-02-19 07:07:35',1,1,'2023-02-18',1.00),(1171,'2023-02-19 10:31:01','2023-02-19 10:31:01',1,2,'2023-02-19',3.00),(1172,'2023-02-19 15:50:27','2023-02-19 15:50:27',1,3,'2023-02-19',2.00),(1173,'2023-02-20 09:29:06','2023-02-20 09:29:06',1,5,'2023-02-20',1.00),(1174,'2023-02-20 09:29:07','2023-02-20 09:29:07',1,4,'2023-02-20',0.50),(1175,'2023-02-21 21:49:28','2023-02-21 21:49:28',1,5,'2023-02-21',1.00),(1177,'2023-02-22 12:53:43','2023-02-22 12:53:43',1,4,'2023-02-22',0.50),(1178,'2023-02-22 19:41:28','2023-02-22 19:41:28',1,3,'2023-02-22',2.00),(1179,'2023-02-22 19:45:05','2023-02-22 19:45:05',1,1,'2023-02-22',1.00),(1180,'2023-02-22 19:55:15','2023-02-22 19:55:15',1,2,'2023-02-22',3.00),(1181,'2023-02-23 05:34:09','2023-02-23 05:34:09',1,5,'2023-02-23',1.00),(1182,'2023-02-23 07:39:01','2023-02-23 07:39:01',1,4,'2023-02-23',0.50),(1183,'2023-02-23 17:20:45','2023-02-23 17:20:45',1,3,'2023-02-23',2.00),(1184,'2023-02-23 17:22:53','2023-02-23 17:22:53',1,1,'2023-02-23',1.00),(1185,'2023-02-23 19:41:47','2023-02-23 19:41:47',1,2,'2023-02-23',3.00),(1187,'2023-02-24 15:18:27','2023-02-24 15:18:27',1,5,'2023-02-24',1.00),(1188,'2023-02-24 15:18:27','2023-02-24 15:18:27',1,4,'2023-02-24',0.50),(1189,'2023-02-24 15:18:28','2023-02-24 15:18:28',1,2,'2023-02-24',3.00),(1190,'2023-02-24 15:18:29','2023-02-24 15:18:29',1,3,'2023-02-24',2.00),(1191,'2023-02-24 19:01:34','2023-02-24 19:01:34',1,1,'2023-02-24',1.00),(1192,'2023-02-25 06:54:40','2023-02-25 06:54:40',1,5,'2023-02-25',1.00),(1193,'2023-02-25 06:54:40','2023-02-25 06:54:40',1,4,'2023-02-25',0.50),(1194,'2023-02-25 16:21:45','2023-02-25 16:21:45',1,3,'2023-02-25',2.00),(1195,'2023-02-25 16:28:17','2023-02-25 16:28:17',1,1,'2023-02-25',1.00),(1196,'2023-02-25 18:11:08','2023-02-25 18:11:08',1,2,'2023-02-25',3.00),(1197,'2023-02-26 07:28:15','2023-02-26 07:28:15',1,5,'2023-02-26',1.00),(1198,'2023-02-26 07:32:02','2023-02-26 07:32:02',1,4,'2023-02-26',0.50),(1199,'2023-02-26 15:23:02','2023-02-26 15:23:02',1,3,'2023-02-26',2.00),(1200,'2023-02-26 16:47:32','2023-02-26 16:47:32',1,1,'2023-02-26',1.00),(1202,'2023-02-26 17:27:10','2023-02-26 17:27:10',1,2,'2023-02-26',3.00),(1203,'2023-02-27 03:30:19','2023-02-27 03:30:19',1,5,'2023-02-27',1.00),(1204,'2023-02-27 11:46:47','2023-02-27 11:46:47',1,4,'2023-02-27',0.50),(1205,'2023-02-27 17:16:51','2023-02-27 17:16:51',1,3,'2023-02-27',2.00),(1206,'2023-02-27 17:33:36','2023-02-27 17:33:36',1,1,'2023-02-27',1.00),(1207,'2023-02-27 18:08:08','2023-02-27 18:08:08',1,2,'2023-02-27',3.00);
/*!40000 ALTER TABLE `deed_logs` ENABLE KEYS */;
UNLOCK TABLES;

--
-- Table structure for table `deeds`
--

DROP TABLE IF EXISTS `deeds`;
/*!40101 SET @saved_cs_client     = @@character_set_client */;
/*!40101 SET character_set_client = utf8 */;
CREATE TABLE `deeds` (
                         `id` bigint(20) unsigned NOT NULL AUTO_INCREMENT,
                         `created_at` timestamp NULL DEFAULT NULL,
                         `updated_at` timestamp NULL DEFAULT NULL,
                         `user_id` bigint(20) unsigned NOT NULL,
                         `name` varchar(25) NOT NULL,
                         `value` decimal(10,2) NOT NULL,
                         `activated_at` timestamp NOT NULL DEFAULT current_timestamp(),
                         `archived_at` timestamp NULL DEFAULT NULL,
                         PRIMARY KEY (`id`)
) ENGINE=InnoDB AUTO_INCREMENT=6 DEFAULT CHARSET=utf8mb4 COLLATE=utf8mb4_unicode_ci;
/*!40101 SET character_set_client = @saved_cs_client */;

--
-- Dumping data for table `deeds`
--

LOCK TABLES `deeds` WRITE;
/*!40000 ALTER TABLE `deeds` DISABLE KEYS */;
INSERT INTO `deeds` VALUES (1,'2022-04-04 16:05:14','2022-12-09 12:17:26',1,'Spanisch lernen',1.00,'2022-04-04 16:05:14',NULL),(2,'2022-04-04 16:05:18','2022-12-09 12:17:30',1,'Sport machen',3.00,'2022-04-04 16:05:18',NULL),(3,'2022-04-04 16:05:25','2022-12-09 12:17:37',1,'Kalorien loggen',2.00,'2022-04-04 16:05:25',NULL),(4,'2022-12-09 06:21:50','2022-12-09 06:21:50',1,'Wiegen',0.50,'2022-12-09 07:21:50',NULL),(5,'2022-12-09 06:22:06','2022-12-09 06:22:06',1,'Keine Sigkeiten',1.00,'2022-12-09 07:22:06',NULL);
/*!40000 ALTER TABLE `deeds` ENABLE KEYS */;
UNLOCK TABLES;

--
-- Table structure for table `failed_jobs`
--

DROP TABLE IF EXISTS `failed_jobs`;
/*!40101 SET @saved_cs_client     = @@character_set_client */;
/*!40101 SET character_set_client = utf8 */;
CREATE TABLE `failed_jobs` (
                               `id` bigint(20) unsigned NOT NULL AUTO_INCREMENT,
                               `uuid` varchar(255) NOT NULL,
                               `connection` text NOT NULL,
                               `queue` text NOT NULL,
                               `payload` longtext NOT NULL,
                               `exception` longtext NOT NULL,
                               `failed_at` timestamp NOT NULL DEFAULT current_timestamp(),
                               PRIMARY KEY (`id`),
                               UNIQUE KEY `failed_jobs_uuid_unique` (`uuid`)
) ENGINE=InnoDB DEFAULT CHARSET=utf8mb4 COLLATE=utf8mb4_unicode_ci;
/*!40101 SET character_set_client = @saved_cs_client */;

--
-- Dumping data for table `failed_jobs`
--

LOCK TABLES `failed_jobs` WRITE;
/*!40000 ALTER TABLE `failed_jobs` DISABLE KEYS */;
/*!40000 ALTER TABLE `failed_jobs` ENABLE KEYS */;
UNLOCK TABLES;

--
-- Table structure for table `migrations`
--

DROP TABLE IF EXISTS `migrations`;
/*!40101 SET @saved_cs_client     = @@character_set_client */;
/*!40101 SET character_set_client = utf8 */;
CREATE TABLE `migrations` (
                              `id` int(10) unsigned NOT NULL AUTO_INCREMENT,
                              `migration` varchar(255) NOT NULL,
                              `batch` int(11) NOT NULL,
                              PRIMARY KEY (`id`)
) ENGINE=InnoDB AUTO_INCREMENT=10 DEFAULT CHARSET=utf8mb4 COLLATE=utf8mb4_unicode_ci;
/*!40101 SET character_set_client = @saved_cs_client */;

--
-- Dumping data for table `migrations`
--

LOCK TABLES `migrations` WRITE;
/*!40000 ALTER TABLE `migrations` DISABLE KEYS */;
INSERT INTO `migrations` VALUES (1,'2014_10_12_000000_create_users_table',1),(2,'2014_10_12_100000_create_password_resets_table',1),(3,'2019_08_19_000000_create_failed_jobs_table',1),(4,'2019_12_14_000001_create_personal_access_tokens_table',1),(5,'2022_03_06_141727_create_deeds_table',1),(6,'2022_03_27_162210_create_deed_logs_table',1),(7,'2022_04_02_180915_create_treats_table',1),(8,'2022_04_04_075917_add_users_active_treat',1),(9,'2022_12_09_063422_add_treats_active_and_inactive',2);
/*!40000 ALTER TABLE `migrations` ENABLE KEYS */;
UNLOCK TABLES;

--
-- Table structure for table `password_resets`
--

DROP TABLE IF EXISTS `password_resets`;
/*!40101 SET @saved_cs_client     = @@character_set_client */;
/*!40101 SET character_set_client = utf8 */;
CREATE TABLE `password_resets` (
                                   `email` varchar(255) NOT NULL,
                                   `token` varchar(255) NOT NULL,
                                   `created_at` timestamp NULL DEFAULT NULL,
                                   KEY `password_resets_email_index` (`email`)
) ENGINE=InnoDB DEFAULT CHARSET=utf8mb4 COLLATE=utf8mb4_unicode_ci;
/*!40101 SET character_set_client = @saved_cs_client */;

--
-- Dumping data for table `password_resets`
--

LOCK TABLES `password_resets` WRITE;
/*!40000 ALTER TABLE `password_resets` DISABLE KEYS */;
/*!40000 ALTER TABLE `password_resets` ENABLE KEYS */;
UNLOCK TABLES;

--
-- Table structure for table `personal_access_tokens`
--

DROP TABLE IF EXISTS `personal_access_tokens`;
/*!40101 SET @saved_cs_client     = @@character_set_client */;
/*!40101 SET character_set_client = utf8 */;
CREATE TABLE `personal_access_tokens` (
                                          `id` bigint(20) unsigned NOT NULL AUTO_INCREMENT,
                                          `tokenable_type` varchar(255) NOT NULL,
                                          `tokenable_id` bigint(20) unsigned NOT NULL,
                                          `name` varchar(255) NOT NULL,
                                          `token` varchar(64) NOT NULL,
                                          `abilities` text DEFAULT NULL,
                                          `last_used_at` timestamp NULL DEFAULT NULL,
                                          `created_at` timestamp NULL DEFAULT NULL,
                                          `updated_at` timestamp NULL DEFAULT NULL,
                                          PRIMARY KEY (`id`),
                                          UNIQUE KEY `personal_access_tokens_token_unique` (`token`),
                                          KEY `personal_access_tokens_tokenable_type_tokenable_id_index` (`tokenable_type`,`tokenable_id`)
) ENGINE=InnoDB AUTO_INCREMENT=34 DEFAULT CHARSET=utf8mb4 COLLATE=utf8mb4_unicode_ci;
/*!40101 SET character_set_client = @saved_cs_client */;

--
-- Dumping data for table `personal_access_tokens`
--

LOCK TABLES `personal_access_tokens` WRITE;
/*!40000 ALTER TABLE `personal_access_tokens` DISABLE KEYS */;
INSERT INTO `personal_access_tokens` VALUES (24,'App\\Models\\User',1,'email','48cd72770704c3243bbab861f3af7d8e7049e4083c1920120646f61a98b081e3','[\"*\"]',NULL,'2022-09-16 08:38:27','2022-09-16 08:38:27'),(25,'App\\Models\\User',1,'email','7d840de5656b4e6930358181ab3105842b35d9309e0997397a31388bdbac94b4','[\"*\"]','2022-10-23 17:07:35','2022-09-16 08:39:49','2022-10-23 17:07:35'),(26,'App\\Models\\User',1,'email','103d0c52f8852c09a03dcbdb06080e71706e1076433ced0634f3a8178c767216','[\"*\"]','2022-10-25 16:26:20','2022-09-16 13:02:46','2022-10-25 16:26:20'),(27,'App\\Models\\User',1,'email','6d69a63edc5135aa75395cb75dae506bcd4d977bf76af93e84daafe2941adf6f','[\"*\"]','2022-10-14 03:44:00','2022-09-16 13:50:14','2022-10-14 03:44:00'),(28,'App\\Models\\User',1,'email','62ab73dd82b9b0b0d4099646282a69ad05a53d2c4e2e4c9d025686e8593f9354','[\"*\"]','2022-09-22 10:51:11','2022-09-22 10:39:26','2022-09-22 10:51:11'),(29,'App\\Models\\User',1,'email','cc47d2757ddd72d8ac6e4c7d7d9efe16473c9fbc0ba12b25e757d73573fe7537','[\"*\"]','2023-02-27 20:23:09','2022-10-13 18:10:28','2023-02-27 20:23:09'),(30,'App\\Models\\User',1,'email','4e202eb28a31a1994e4054b5937ade016d50b6f8bc9e420ee7b579db85ab7115','[\"*\"]','2022-10-23 17:24:09','2022-10-23 17:09:32','2022-10-23 17:24:09'),(31,'App\\Models\\User',1,'email','8bbcdc1377a58b4bac9cb63af06a3990fbf24c1a197728133a3fd00a1af911b7','[\"*\"]','2022-10-23 18:02:29','2022-10-23 18:02:12','2022-10-23 18:02:29'),(32,'App\\Models\\User',1,'email','f9a946bec2c5245766392c24c62d6b53fb5f55c71ace6e26d9be81f1cddb7f70','[\"*\"]','2022-12-09 08:52:42','2022-12-09 06:21:25','2022-12-09 08:52:42'),(33,'App\\Models\\User',1,'email','315a5bfe5d9b3c337a70196c34a25387b6532c47425413017a8d42370be056a1','[\"*\"]','2022-12-09 08:08:59','2022-12-09 08:08:58','2022-12-09 08:08:59');
/*!40000 ALTER TABLE `personal_access_tokens` ENABLE KEYS */;
UNLOCK TABLES;

--
-- Table structure for table `treats`
--

DROP TABLE IF EXISTS `treats`;
/*!40101 SET @saved_cs_client     = @@character_set_client */;
/*!40101 SET character_set_client = utf8 */;
CREATE TABLE `treats` (
                          `id` bigint(20) unsigned NOT NULL AUTO_INCREMENT,
                          `created_at` timestamp NULL DEFAULT NULL,
                          `updated_at` timestamp NULL DEFAULT NULL,
                          `user_id` bigint(20) unsigned NOT NULL,
                          `name` varchar(100) NOT NULL,
                          `costs` decimal(10,2) NOT NULL,
                          `bought` date NOT NULL,
                          `unlocked` date DEFAULT NULL,
                          PRIMARY KEY (`id`)
) ENGINE=InnoDB AUTO_INCREMENT=160 DEFAULT CHARSET=utf8mb4 COLLATE=utf8mb4_unicode_ci;
/*!40101 SET character_set_client = @saved_cs_client */;

--
-- Dumping data for table `treats`
--

LOCK TABLES `treats` WRITE;
/*!40000 ALTER TABLE `treats` DISABLE KEYS */;
INSERT INTO `treats` VALUES (1,'2022-04-04 16:06:17','2022-04-04 16:41:43',1,'MC - The Hood',17.99,'2021-11-20','2022-04-04'),(3,'2022-04-04 17:01:32','2022-04-04 17:22:32',1,'MC - Nebula',12.99,'2021-11-20','2022-04-04'),(4,'2022-04-04 17:02:30','2022-04-04 17:22:34',1,'AH - Ermittler Nathaniel Cho',13.99,'2021-11-20','2022-04-04'),(5,'2022-04-04 17:17:57','2022-04-04 17:22:29',1,'Foamcore & Unterlage',20.01,'2021-11-19','2022-04-04'),(6,'2022-04-04 17:18:37','2022-04-04 17:22:36',1,'AH - Ermittler Winfried Habbamock',13.99,'2021-11-20','2022-04-04'),(7,'2022-04-04 17:19:10','2022-04-04 17:22:38',1,'Dragon Shield Sleeves',43.94,'2021-11-23','2022-04-04'),(8,'2022-04-04 17:19:35','2022-04-04 17:22:40',1,'SWGOH',9.99,'2021-11-24','2022-04-04'),(9,'2022-04-04 17:20:02','2022-04-04 17:22:42',1,'Karton',9.90,'2021-11-24','2022-04-04'),(10,'2022-04-04 17:20:30','2022-04-04 17:22:43',1,'Sleeves fr Divider',12.70,'2021-11-25','2022-04-04'),(11,'2022-04-04 17:21:01','2022-04-04 17:22:45',1,'Card Storage Box',7.44,'2021-11-25','2022-04-04'),(12,'2022-04-04 17:21:26','2022-04-04 17:29:09',1,'Inlay Design',4.90,'2021-11-28','2022-04-04'),(13,'2022-04-04 17:22:15','2022-04-04 17:29:07',1,'Foamcore & Pappe',32.27,'2021-11-28','2022-04-04'),(14,'2022-04-04 17:23:31','2022-04-04 17:29:12',1,'SWGOH',9.99,'2021-11-30','2022-04-04'),(15,'2022-04-04 17:23:58','2022-04-04 17:29:14',1,'Inlay Design',3.90,'2021-12-03','2022-04-04'),(16,'2022-04-04 17:24:20','2022-04-04 17:29:16',1,'Pandemic Legacy',44.99,'2021-12-07','2022-04-04'),(17,'2022-04-04 17:24:43','2022-04-04 17:29:25',1,'MC - Drax',13.99,'2021-12-08','2022-04-04'),(18,'2022-04-04 17:25:07','2022-04-04 17:29:23',1,'MC - War Machine',13.99,'2021-12-08','2022-04-04'),(19,'2022-04-04 17:25:37','2022-04-04 17:29:19',1,'AH - Labyrinthe des Irrsinns',19.99,'2021-12-08','2022-04-04'),(20,'2022-04-04 17:26:08','2022-04-04 17:29:21',1,'MC - Gamemat Thor',14.99,'2021-12-08','2022-04-04'),(21,'2022-04-04 17:26:40','2022-04-04 17:29:27',1,'Card Storage Boxes',9.35,'2021-12-15','2022-04-04'),(22,'2022-04-04 17:27:05','2022-04-04 17:29:58',1,'MC - Gamora',13.99,'2021-12-26','2022-04-04'),(23,'2022-04-04 17:27:31','2022-04-04 17:30:01',1,'MC - Star-Lord',13.99,'2021-12-26','2022-04-04'),(24,'2022-04-04 17:28:05','2022-04-12 06:11:04',1,'MC - Galaxys Most Wanted',39.99,'2021-12-26','2022-04-12'),(25,'2022-04-04 17:28:31','2022-04-19 17:55:14',1,'Islanders',1.99,'2021-12-31','2022-04-19'),(26,'2022-04-04 17:32:28','2022-04-19 17:55:24',1,'Aeon\'s End',1.62,'2022-01-02','2022-04-19'),(30,'2022-04-04 17:34:10','2022-05-08 13:04:01',1,'Total War Warhammer 3',59.99,'2022-01-19','2022-05-08'),(32,'2022-04-05 19:18:42','2022-04-21 14:53:32',1,'SWGOH',4.99,'2022-01-22','2022-04-21'),(34,'2022-04-05 19:20:16','2022-05-12 18:49:31',1,'MC - Venom',18.89,'2022-02-02','2022-05-12'),(35,'2022-04-05 19:20:50','2022-04-23 16:06:24',1,'Lost Ark Grnderpaket',14.99,'2022-02-06','2022-04-23'),(37,'2022-04-05 19:22:28','2022-05-30 15:03:07',1,'Dragon Shield Sleeves (1)',7.99,'2022-03-09','2022-05-30'),(39,'2022-04-05 19:24:48','2022-04-23 12:35:28',1,'Lost Ark Kristallaura',9.99,'2022-03-25','2022-04-23'),(43,'2022-04-07 06:06:02','2022-05-21 08:00:21',1,'Dragon Shield Sleeves (2)',7.99,'2022-03-09','2022-05-21'),(44,'2022-04-07 06:06:02','2022-05-20 07:13:27',1,'Dragon Shield Sleeves (3)',7.99,'2022-03-09','2022-05-20'),(45,'2022-04-07 06:06:02','2022-05-19 15:37:01',1,'Dragon Shield Sleeves (4)',7.99,'2022-03-09','2022-05-19'),(46,'2022-04-07 06:06:02','2022-05-17 16:53:14',1,'Dragon Shield Sleeves (5)',7.99,'2022-03-09','2022-05-17'),(47,'2022-04-07 06:06:02','2022-04-17 12:53:06',1,'Dragon Shield Sleeves (6)',7.99,'2022-03-09','2022-04-17'),(48,'2022-04-07 06:07:50','2023-01-17 20:43:04',1,'Outer Rim',52.99,'2022-04-05','2023-01-17'),(50,'2022-04-17 12:55:10','2022-10-23 15:08:03',1,'Scythe Digital',5.91,'2022-04-16','2022-10-23'),(51,'2022-04-17 12:55:45','2022-10-25 14:53:54',1,'Scythe Digital Erweiterung',8.49,'2022-04-16','2022-10-25'),(53,'2022-04-17 12:57:58','2022-10-16 17:27:18',1,'Dragon Shield Sleeves',63.92,'2022-04-12','2022-10-16'),(54,'2022-05-08 16:31:44','2022-06-17 10:44:18',1,'Terraforming Mars Deluxe Tableaus',21.00,'2022-05-05','2022-06-17'),(55,'2022-05-08 16:32:06','2023-02-23 17:22:54',1,'Terraforming Mars Aufruhr',36.00,'2022-05-05','2023-02-23'),(57,'2022-05-19 20:16:34','2022-06-09 12:05:09',1,'Terraforming Mars Prludium',27.00,'2022-05-17','2022-06-09'),(58,'2022-05-19 20:25:19','2022-10-05 19:22:42',1,'Cities Skylines Industries / Campus',9.07,'2022-05-10','2022-10-05'),(60,'2022-06-10 03:35:17','2022-10-29 16:52:51',1,'Star Wars Empire at War Gold',5.61,'2022-06-09','2022-10-29'),(61,'2022-06-10 03:35:53','2022-09-14 17:22:26',1,'Deliver Us The Moon',9.99,'2022-06-09','2022-09-14'),(62,'2022-06-10 03:36:45','2022-07-22 14:30:19',1,'Lost Ark Premium Pass',6.97,'2022-06-04','2022-07-22'),(63,'2022-06-10 03:37:39','2022-10-29 14:16:53',1,'7 Wonders Duel Sleeves',19.45,'2022-05-28','2022-10-29'),(64,'2022-06-11 05:13:01','2022-06-20 10:08:47',1,'Hitman GOTY',4.75,'2022-06-11','2022-06-20'),(65,'2022-06-16 20:02:40','2022-06-27 16:54:15',1,'Hitman 2 Gold',22.22,'2022-06-16','2022-06-27'),(67,'2022-06-26 16:48:01','2022-07-19 14:50:00',1,'Nemesis',91.26,'2022-06-25','2022-07-19'),(69,'2022-06-26 16:51:36','2022-10-04 17:38:54',1,'Athonian Camoshade',5.35,'2022-06-17','2022-10-04'),(72,'2022-07-10 04:08:49','2022-07-10 04:08:49',1,'Too Many Bones',149.95,'2022-07-06',NULL),(73,'2022-07-10 04:09:39','2022-07-10 04:09:39',1,'TMB - Ghillie',32.95,'2022-07-06',NULL),(74,'2022-07-10 04:10:00','2022-07-10 04:10:00',1,'TMB - Nugget',32.95,'2022-07-06',NULL),(75,'2022-07-10 04:10:28','2022-07-10 04:10:28',1,'TMB - Lebenschips',29.95,'2022-07-06',NULL),(76,'2022-07-10 04:11:49','2022-09-15 16:10:37',1,'Upload Simulator - Ad free',4.29,'2022-06-24','2022-09-15'),(77,'2022-07-10 04:12:25','2022-09-18 07:29:12',1,'Apocalypse - Ad free',10.99,'2022-07-09','2022-09-18'),(79,'2022-07-22 14:41:08','2022-09-21 09:33:01',1,'Apocalypse - Boost Bundle',14.99,'2022-07-11','2022-09-21'),(80,'2022-07-22 14:41:56','2022-09-27 16:21:52',1,'Necromerger - Ad free',9.99,'2022-07-11','2022-09-27'),(81,'2022-07-22 14:42:25','2022-09-25 16:37:41',1,'Necromerger - All Golden Boosts',14.99,'2022-07-10','2022-09-25'),(82,'2022-07-22 14:44:49','2022-09-15 20:55:17',1,'Loop Hero',4.94,'2022-07-04','2022-09-15'),(83,'2022-07-22 14:45:15','2022-10-02 22:34:20',1,'Prison Architect - Gangs',5.99,'2022-07-16','2022-10-03'),(86,'2022-07-22 14:58:35','2022-07-29 13:04:44',1,'Gloomhaven Jaws of The Lion',16.91,'2022-07-22','2022-07-29'),(87,'2022-07-31 05:29:28','2022-08-15 14:32:03',1,'Mage Knight Insert',34.89,'2022-07-31','2022-08-15'),(89,'2022-08-11 14:23:04','2022-08-29 16:21:59',1,'Roll Player Inlay',26.75,'2022-08-09','2022-08-29'),(90,'2022-08-11 14:23:23','2022-08-25 07:31:50',1,'7 Wonders Duel Inlay',10.00,'2022-08-09','2022-08-25'),(91,'2022-08-11 14:25:33','2022-09-07 17:40:18',1,'Wrfelunterlage',8.49,'2022-08-05','2022-09-07'),(92,'2022-08-11 18:13:04','2022-09-04 11:53:21',1,'Gamegenic Matte Tarot',6.98,'2022-08-04','2022-09-04'),(93,'2022-08-11 18:13:59','2022-09-06 13:24:59',1,'Gamegenic Matte Mini European (1)',3.69,'2022-08-04','2022-09-06'),(94,'2022-08-11 18:15:12','2022-09-05 15:48:26',1,'Gamegenic Matte Standard',9.99,'2022-07-31','2022-09-05'),(95,'2022-08-17 17:19:36','2022-08-23 17:57:10',1,'TWW 3 - Champions of Chaos',14.39,'2022-08-17','2022-08-23'),(96,'2022-08-28 18:45:51','2022-09-02 05:22:51',1,'5x Flgelschlag Sleeves',18.99,'2022-08-27','2022-09-02'),(99,'2022-08-30 07:43:08','2023-02-01 17:09:00',1,'Outer Rim Offene Rechnungen',39.99,'2022-08-22','2023-02-01'),(100,'2022-08-30 07:43:38','2022-11-10 17:28:11',1,'Outer Rim 10x Matte Sleeves (1)',14.95,'2022-08-22','2022-11-10'),(101,'2022-09-02 06:21:26','2022-09-08 18:30:16',1,'Gamegenic Matte Mini European (2)',3.69,'2022-08-04','2022-09-08'),(102,'2022-09-02 06:21:26','2022-09-09 04:16:04',1,'Gamegenic Matte Mini European (3)',3.69,'2022-08-04','2022-09-09'),(103,'2022-09-02 06:21:26','2022-09-12 16:23:52',1,'Gamegenic Matte Mini European (4)',3.69,'2022-08-04','2022-09-12'),(104,'2022-09-02 06:21:26','2022-09-12 17:44:28',1,'Gamegenic Matte Mini European (5)',3.69,'2022-08-04','2022-09-12'),(105,'2022-09-06 13:28:45','2022-10-01 06:29:49',1,'Aleph Null',19.95,'2022-08-25','2022-10-01'),(106,'2022-09-06 13:30:16','2022-10-22 14:56:31',1,'Der Unterhndler + Erweiterung A1',37.16,'2022-09-01','2022-10-22'),(108,'2022-10-25 16:28:07','2022-10-31 19:04:02',1,'Disco Elysium',9.99,'2022-10-25','2022-10-31'),(109,'2022-10-26 11:25:39','2022-10-26 11:25:51',1,'Vampire Survivor',3.99,'2022-10-26','2022-10-26'),(114,'2022-11-01 14:51:20','2022-11-02 17:24:14',1,'Gamegenic Standard Matte (1)',9.59,'2022-10-31','2022-11-02'),(115,'2022-11-01 14:51:27','2022-11-11 09:47:27',1,'Gamegenic Standard Matte (2)',9.59,'2022-10-31','2022-11-11'),(116,'2022-11-01 14:51:27','2022-11-13 18:19:16',1,'Gamegenic Standard Matte (3)',9.59,'2022-10-31','2022-11-13'),(118,'2022-11-02 17:24:44','2023-01-28 18:23:12',1,'Outer Rim 10x Matte Sleeves (2)',14.95,'2022-08-22','2023-01-28'),(120,'2022-11-03 05:53:32','2022-12-02 14:14:54',1,'AH Mnzkapseln',19.14,'2022-11-02','2022-12-02'),(122,'2022-11-08 19:48:34','2022-11-14 17:37:00',1,'Gaming Counter',8.48,'2022-11-04','2022-11-14'),(123,'2022-11-11 21:31:10','2022-11-16 17:54:41',1,'Gamegenic Standard Matte Sleeves (1)',9.32,'2022-11-11','2022-11-16'),(124,'2022-11-11 21:32:15','2022-11-11 21:32:15',1,'AH Mord im Excelsior-Hotel',20.79,'2022-11-09',NULL),(125,'2022-11-11 21:32:41','2023-01-25 18:05:50',1,'AH Harvey Walters',17.19,'2022-11-09','2023-01-25'),(126,'2022-11-11 21:33:15','2022-11-11 21:33:15',1,'AH Der Blob der alles fra',20.39,'2022-11-09',NULL),(127,'2022-11-11 21:33:37','2022-11-11 21:33:37',1,'AH Krieg der ueren Gtter',22.83,'2022-11-09',NULL),(128,'2022-11-13 18:20:39','2022-11-18 10:29:49',1,'Gamegenic Standard Matte Sleeves (2)',9.32,'2022-11-11','2022-11-18'),(129,'2022-12-01 23:09:47','2023-01-07 20:10:50',1,'Mayday Games Mega Sleeves',28.20,'2022-12-01','2023-01-07'),(130,'2022-12-01 23:10:51','2022-12-27 17:48:42',1,'Aeons End',86.00,'2022-11-28','2022-12-27'),(131,'2022-12-01 23:11:58','2023-01-10 07:00:39',1,'Lux Aeterna',18.00,'2022-11-30','2023-01-10'),(134,'2022-12-01 23:13:50','2022-12-03 03:22:53',1,'Tiny Epic Dinosaurs',38.56,'2022-11-29',NULL),(135,'2022-12-01 23:15:19','2022-12-30 07:44:46',1,'Horizon Zero Dawn',19.99,'2022-11-23','2022-12-30'),(136,'2022-12-01 23:15:48','2022-12-04 06:34:50',1,'Cooking Simulator',7.55,'2022-11-23','2022-12-04'),(137,'2022-12-01 23:16:25','2022-12-05 08:24:50',1,'Graveyard Keeper DLCs',6.38,'2022-11-23','2022-12-05'),(138,'2022-12-01 23:21:45','2023-01-27 18:19:25',1,'Unconscious Mind',155.89,'2022-11-28',NULL),(139,'2022-12-01 23:22:18','2022-12-01 23:22:18',1,'Earthborne Rangers',121.00,'2022-11-24',NULL),(141,'2022-12-03 03:19:53','2022-12-03 03:23:12',1,'Tiny Epic Galaxies',38.56,'2022-11-29',NULL),(142,'2022-12-03 03:26:23','2022-12-03 03:26:23',1,'20 Strong',65.29,'2022-11-11',NULL),(143,'2022-12-19 09:02:20','2022-12-19 09:02:30',1,'Vampire Survivors DLC',1.79,'2022-12-19','2022-12-19'),(144,'2022-12-20 16:39:39','2022-12-20 16:39:53',1,'Wrfel W10',11.56,'2022-12-06','2022-12-20'),(145,'2022-12-26 19:25:05','2023-01-04 04:23:52',1,'Dungeon Pages',9.75,'2022-12-04','2023-01-04'),(146,'2022-12-27 18:45:02','2022-12-27 18:49:55',1,'Tiny Epic Crimes',63.12,'2022-12-09',NULL),(147,'2022-12-29 11:02:52','2023-01-29 11:31:33',1,'Werwlfe Epic Battle',6.79,'2022-12-27','2023-01-02'),(150,'2023-01-24 11:16:09','2023-01-24 11:16:19',1,'Blood Rage Digital',1.73,'2023-01-24','2023-01-24'),(152,'2023-01-31 13:44:08','2023-02-25 18:11:09',1,'AH Stella Clark Ermittler',18.42,'2023-01-29','2023-02-25'),(153,'2023-01-31 13:44:40','2023-01-31 13:44:40',1,'AH Pfad nach Carcosa Kampagne',55.92,'2023-01-29',NULL),(154,'2023-02-03 19:18:34','2023-02-14 21:17:48',1,'HdR Elben',18.99,'2023-02-02',NULL),(155,'2023-02-07 17:30:21','2023-02-15 18:25:41',1,'Hogwarts Legacy',69.99,'2023-02-07','2023-02-15'),(156,'2023-02-14 21:18:09','2023-02-14 21:18:09',1,'HdR Rohan',18.99,'2023-02-02',NULL),(157,'2023-02-14 21:19:19','2023-02-14 21:19:34',1,'AH Kapseln + Pfeile',41.22,'2023-01-26',NULL),(158,'2023-02-14 21:21:03','2023-02-14 21:21:33',1,'AH Am Rande der Welt Kampagne',22.78,'2023-01-31',NULL),(159,'2023-02-25 16:29:42','2023-02-25 16:29:42',1,'Ringkrieg Inlay',32.49,'2023-02-23',NULL);
/*!40000 ALTER TABLE `treats` ENABLE KEYS */;
UNLOCK TABLES;

--
-- Table structure for table `users`
--

DROP TABLE IF EXISTS `users`;
/*!40101 SET @saved_cs_client     = @@character_set_client */;
/*!40101 SET character_set_client = utf8 */;
CREATE TABLE `users` (
  `id` bigint(20) unsigned NOT NULL AUTO_INCREMENT,
  `name` varchar(255) NOT NULL,
  `email` varchar(255) NOT NULL,
  `email_verified_at` timestamp NULL DEFAULT NULL,
  `password` varchar(255) NOT NULL,
  `remember_token` varchar(100) DEFAULT NULL,
  `created_at` timestamp NULL DEFAULT NULL,
  `updated_at` timestamp NULL DEFAULT NULL,
  `active_treat` bigint(20) unsigned DEFAULT NULL,
  PRIMARY KEY (`id`),
  UNIQUE KEY `users_email_unique` (`email`)
) ENGINE=InnoDB AUTO_INCREMENT=2 DEFAULT CHARSET=utf8mb4 COLLATE=utf8mb4_unicode_ci;
/*!40101 SET character_set_client = @saved_cs_client */;

--
-- Dumping data for table `users`
--

LOCK TABLES `users` WRITE;
/*!40000 ALTER TABLE `users` DISABLE KEYS */;
INSERT INTO `users` VALUES (1,'Flo','ruppel.florian@gmail.com','2022-04-04 16:03:36','$2y$10$84/CzyPG38WdqWxz2W0GhOMI7MYOwqoMIoTrKwxgIPxx36pY/K39e','wJ1xBQtple','2022-04-04 16:03:36','2023-02-25 18:11:14',159);
/*!40000 ALTER TABLE `users` ENABLE KEYS */;
UNLOCK TABLES;
/*!40103 SET TIME_ZONE=@OLD_TIME_ZONE */;

/*!40101 SET SQL_MODE=@OLD_SQL_MODE */;
/*!40014 SET FOREIGN_KEY_CHECKS=@OLD_FOREIGN_KEY_CHECKS */;
/*!40014 SET UNIQUE_CHECKS=@OLD_UNIQUE_CHECKS */;
/*!40101 SET CHARACTER_SET_CLIENT=@OLD_CHARACTER_SET_CLIENT */;
/*!40101 SET CHARACTER_SET_RESULTS=@OLD_CHARACTER_SET_RESULTS */;
/*!40101 SET COLLATION_CONNECTION=@OLD_COLLATION_CONNECTION */;
/*!40111 SET SQL_NOTES=@OLD_SQL_NOTES */;

-- Dump completed on 2023-02-27 21:28:35
